"9100001","•ŸˆäŒ§","•Ÿˆäs","‘åŠè›",1,"master","2019-01-01-12.34.56.123000","master","2019-01-01-12.34.56.123000"
"9100002","•ŸˆäŒ§","•Ÿˆäs","’¬‰®",1,"master","2019-01-01-12.34.56.123000","master","2019-01-01-12.34.56.123000"
"9100003","•ŸˆäŒ§","•Ÿˆäs","¼–{",1,"master","2019-01-01-12.34.56.123000","master","2019-01-01-12.34.56.123000"
"9100004","•ŸˆäŒ§","•Ÿˆäs","•ó‰i",1,"master","2019-01-01-12.34.56.123000","master","2019-01-01-12.34.56.123000"
"9100005","•ŸˆäŒ§","•Ÿˆäs","‘åè",1,"master","2019-01-01-12.34.56.123000","master","2019-01-01-12.34.56.123000"
"9100006","•ŸˆäŒ§","•Ÿˆäs","’†‰›",1,"master","2019-01-01-12.34.56.123000","master","2019-01-01-12.34.56.123000"
"9100011","•ŸˆäŒ§","•Ÿˆäs","Œo“c",1,"master","2019-01-01-12.34.56.123000","master","2019-01-01-12.34.56.123000"
"9100012","•ŸˆäŒ§","•Ÿˆäs","Œo‰h",1,"master","2019-01-01-12.34.56.123000","master","2019-01-01-12.34.56.123000"
"9100013","•ŸˆäŒ§","•Ÿˆäs","Šô‘ã",1,"master","2019-01-01-12.34.56.123000","master","2019-01-01-12.34.56.123000"
"9100014","•ŸˆäŒ§","•Ÿˆäs","Šô‹v’¬",1,"master","2019-01-01-12.34.56.123000","master","2019-01-01-12.34.56.123000"
"9100015","•ŸˆäŒ§","•Ÿˆäs","“ñ‚Ì‹{",1,"master","2019-01-01-12.34.56.123000","master","2019-01-01-12.34.56.123000"
"9100016","•ŸˆäŒ§","•Ÿˆäs","‘å‹{",1,"master","2019-01-01-12.34.56.123000","master","2019-01-01-12.34.56.123000"
"9100017","•ŸˆäŒ§","•Ÿˆäs","•¶‹",1,"master","2019-01-01-12.34.56.123000","master","2019-01-01-12.34.56.123000"
"9100018","•ŸˆäŒ§","•Ÿˆäs","“cŒ´",1,"master","2019-01-01-12.34.56.123000","master","2019-01-01-12.34.56.123000"
"9100019","•ŸˆäŒ§","•Ÿˆäs","tR",1,"master","2019-01-01-12.34.56.123000","master","2019-01-01-12.34.56.123000"
"9100021","•ŸˆäŒ§","•Ÿˆäs","Š£“¿",1,"master","2019-01-01-12.34.56.123000","master","2019-01-01-12.34.56.123000"
"9100022","•ŸˆäŒ§","•Ÿˆäs","‰ÔŒ",1,"master","2019-01-01-12.34.56.123000","master","2019-01-01-12.34.56.123000"
"9100023","•ŸˆäŒ§","•Ÿˆäs","‡‰»",1,"master","2019-01-01-12.34.56.123000","master","2019-01-01-12.34.56.123000"
"9100024","•ŸˆäŒ§","•Ÿˆäs","Æè",1,"master","2019-01-01-12.34.56.123000","master","2019-01-01-12.34.56.123000"
"9100025","•ŸˆäŒ§","•Ÿˆäs","Æè’¬",1,"master","2019-01-01-12.34.56.123000","master","2019-01-01-12.34.56.123000"
"9100026","•ŸˆäŒ§","•Ÿˆäs","Œõ—z",1,"master","2019-01-01-12.34.56.123000","master","2019-01-01-12.34.56.123000"
"9100027","•ŸˆäŒ§","•Ÿˆäs","–L‰ª",1,"master","2019-01-01-12.34.56.123000","master","2019-01-01-12.34.56.123000"
"9100028","•ŸˆäŒ§","•Ÿˆäs","Šw‰€",1,"master","2019-01-01-12.34.56.123000","master","2019-01-01-12.34.56.123000"
"9100029","•ŸˆäŒ§","•Ÿˆäs","“úŒõ",1,"master","2019-01-01-12.34.56.123000","master","2019-01-01-12.34.56.123000"
"9100031","•ŸˆäŒ§","•Ÿˆäs","–xƒm‹{’¬",1,"master","2019-01-01-12.34.56.123000","master","2019-01-01-12.34.56.123000"
"9100032","•ŸˆäŒ§","•Ÿˆäs","–xƒm‹{",1,"master","2019-01-01-12.34.56.123000","master","2019-01-01-12.34.56.123000"
"9100033","•ŸˆäŒ§","•Ÿˆäs","O˜YŠÛ",1,"master","2019-01-01-12.34.56.123000","master","2019-01-01-12.34.56.123000"
"9100034","•ŸˆäŒ§","•Ÿˆäs","›’J",1,"master","2019-01-01-12.34.56.123000","master","2019-01-01-12.34.56.123000"
"9100035","•ŸˆäŒ§","•Ÿˆäs","›’J’¬",1,"master","2019-01-01-12.34.56.123000","master","2019-01-01-12.34.56.123000"
"9100036","•ŸˆäŒ§","•Ÿˆäs","O˜YŠÛ’¬",1,"master","2019-01-01-12.34.56.123000","master","2019-01-01-12.34.56.123000"
"9100037","•ŸˆäŒ§","•Ÿˆäs","¼–x’¬",1,"master","2019-01-01-12.34.56.123000","master","2019-01-01-12.34.56.123000"
"9100038","•ŸˆäŒ§","•Ÿˆäs","Oƒc‰®",1,"master","2019-01-01-12.34.56.123000","master","2019-01-01-12.34.56.123000"
"9100039","•ŸˆäŒ§","•Ÿˆäs","Oƒc‰®’¬",1,"master","2019-01-01-12.34.56.123000","master","2019-01-01-12.34.56.123000"
"9100041","•ŸˆäŒ§","•Ÿˆäs","“V›¶’¬",1,"master","2019-01-01-12.34.56.123000","master","2019-01-01-12.34.56.123000"
"9100042","•ŸˆäŒ§","•Ÿˆäs","Šİ…’¬",1,"master","2019-01-01-12.34.56.123000","master","2019-01-01-12.34.56.123000"
"9100043","•ŸˆäŒ§","•Ÿˆäs","l\’J’¬",1,"master","2019-01-01-12.34.56.123000","master","2019-01-01-12.34.56.123000"
"9100044","•ŸˆäŒ§","•Ÿˆäs","“cƒm’J’¬",1,"master","2019-01-01-12.34.56.123000","master","2019-01-01-12.34.56.123000"
"9100045","•ŸˆäŒ§","•Ÿˆäs","–k“èŒ´’¬",1,"master","2019-01-01-12.34.56.123000","master","2019-01-01-12.34.56.123000"
"9100046","•ŸˆäŒ§","•Ÿˆäs","“ì“èŒ´’¬",1,"master","2019-01-01-12.34.56.123000","master","2019-01-01-12.34.56.123000"
"9100047","•ŸˆäŒ§","•Ÿˆäs","ŠC˜V•’¬",1,"master","2019-01-01-12.34.56.123000","master","2019-01-01-12.34.56.123000"
"9100048","•ŸˆäŒ§","•Ÿˆäs","’n‘ “°’¬",1,"master","2019-01-01-12.34.56.123000","master","2019-01-01-12.34.56.123000"
"9100049","•ŸˆäŒ§","•Ÿˆäs","[’J’¬",1,"master","2019-01-01-12.34.56.123000","master","2019-01-01-12.34.56.123000"
"9100051","•ŸˆäŒ§","•Ÿˆäs","ŒS’¬",1,"master","2019-01-01-12.34.56.123000","master","2019-01-01-12.34.56.123000"
"9100052","•ŸˆäŒ§","•Ÿˆäs","•ŠÛ’¬",1,"master","2019-01-01-12.34.56.123000","master","2019-01-01-12.34.56.123000"
"9100053","•ŸˆäŒ§","•Ÿˆäs","“y‹´’¬",1,"master","2019-01-01-12.34.56.123000","master","2019-01-01-12.34.56.123000"
"9100054","•ŸˆäŒ§","•Ÿˆäs","ˆÀ’|’¬",1,"master","2019-01-01-12.34.56.123000","master","2019-01-01-12.34.56.123000"
"9100055","•ŸˆäŒ§","•Ÿˆäs","ã•š’¬",1,"master","2019-01-01-12.34.56.123000","master","2019-01-01-12.34.56.123000"
"9100056","•ŸˆäŒ§","•Ÿˆäs","—¢•ÊŠV’¬",1,"master","2019-01-01-12.34.56.123000","master","2019-01-01-12.34.56.123000"
"9100057","•ŸˆäŒ§","•Ÿˆäs","—¢•ÊŠ’¬",1,"master","2019-01-01-12.34.56.123000","master","2019-01-01-12.34.56.123000"
"9100061","•ŸˆäŒ§","•Ÿˆäs","M‹´V’¬",1,"master","2019-01-01-12.34.56.123000","master","2019-01-01-12.34.56.123000"
"9100062","•ŸˆäŒ§","•Ÿˆäs","“”–¾›’¬",1,"master","2019-01-01-12.34.56.123000","master","2019-01-01-12.34.56.123000"
"9100063","•ŸˆäŒ§","•Ÿˆäs","“”–¾›",1,"master","2019-01-01-12.34.56.123000","master","2019-01-01-12.34.56.123000"
"9100064","•ŸˆäŒ§","•Ÿˆäs","V“c’Ë’¬",1,"master","2019-01-01-12.34.56.123000","master","2019-01-01-12.34.56.123000"
"9100065","•ŸˆäŒ§","•Ÿˆäs","”ªƒc“‡’¬",1,"master","2019-01-01-12.34.56.123000","master","2019-01-01-12.34.56.123000"
"9100066","•ŸˆäŒ§","•Ÿˆäs","”ªƒc“‡",1,"master","2019-01-01-12.34.56.123000","master","2019-01-01-12.34.56.123000"
"9100067","•ŸˆäŒ§","•Ÿˆäs","V“c’Ë",1,"master","2019-01-01-12.34.56.123000","master","2019-01-01-12.34.56.123000"
"9100068","•ŸˆäŒ§","•Ÿˆäs","M‹´V",1,"master","2019-01-01-12.34.56.123000","master","2019-01-01-12.34.56.123000"
"9100069","•ŸˆäŒ§","•Ÿˆäs","M‹´•—³",1,"master","2019-01-01-12.34.56.123000","master","2019-01-01-12.34.56.123000"
"9100070","•ŸˆäŒ§","•Ÿˆäs","‚–Ø¼",1,"master","2019-01-01-12.34.56.123000","master","2019-01-01-12.34.56.123000"
"9100101","•ŸˆäŒ§","•Ÿˆäs","‚Â‚­‚µ–ì",1,"master","2019-01-01-12.34.56.123000","master","2019-01-01-12.34.56.123000"
"9100102","•ŸˆäŒ§","•Ÿˆäs","ì‡˜h’Ë’¬",1,"master","2019-01-01-12.34.56.123000","master","2019-01-01-12.34.56.123000"
"9100103","•ŸˆäŒ§","•Ÿˆäs","’†Šp’¬",1,"master","2019-01-01-12.34.56.123000","master","2019-01-01-12.34.56.123000"
"9100104","•ŸˆäŒ§","•Ÿˆäs","–ÔŒË£’¬",1,"master","2019-01-01-12.34.56.123000","master","2019-01-01-12.34.56.123000"
"9100105","•ŸˆäŒ§","•Ÿˆäs","‰Í‡ŸŒ©’¬",1,"master","2019-01-01-12.34.56.123000","master","2019-01-01-12.34.56.123000"
"9100106","•ŸˆäŒ§","•Ÿˆäs","˜Z“ús’¬",1,"master","2019-01-01-12.34.56.123000","master","2019-01-01-12.34.56.123000"
"9100107","•ŸˆäŒ§","•Ÿˆäs","‚‰®’¬",1,"master","2019-01-01-12.34.56.123000","master","2019-01-01-12.34.56.123000"
"9100108","•ŸˆäŒ§","•Ÿˆäs","Rº’¬",1,"master","2019-01-01-12.34.56.123000","master","2019-01-01-12.34.56.123000"
"9100109","•ŸˆäŒ§","•Ÿˆäs","“ñ“ús’¬",1,"master","2019-01-01-12.34.56.123000","master","2019-01-01-12.34.56.123000"
"9100121","•ŸˆäŒ§","•Ÿˆäs","’è³’¬",1,"master","2019-01-01-12.34.56.123000","master","2019-01-01-12.34.56.123000"
"9100122","•ŸˆäŒ§","•Ÿˆäs","Î·’¬",1,"master","2019-01-01-12.34.56.123000","master","2019-01-01-12.34.56.123000"
"9100123","•ŸˆäŒ§","•Ÿˆäs","”ªdŠª’¬",1,"master","2019-01-01-12.34.56.123000","master","2019-01-01-12.34.56.123000"
"9100124","•ŸˆäŒ§","•Ÿˆäs","“V’r’¬",1,"master","2019-01-01-12.34.56.123000","master","2019-01-01-12.34.56.123000"
"9100131","•ŸˆäŒ§","•Ÿˆäs","½Œ´’¬",1,"master","2019-01-01-12.34.56.123000","master","2019-01-01-12.34.56.123000"
"9100132","•ŸˆäŒ§","•Ÿˆäs","‰Í‡ŠñˆÀ’¬",1,"master","2019-01-01-12.34.56.123000","master","2019-01-01-12.34.56.123000"
"9100133","•ŸˆäŒ§","•Ÿˆäs","X“cV•Û’¬",1,"master","2019-01-01-12.34.56.123000","master","2019-01-01-12.34.56.123000"
"9100134","•ŸˆäŒ§","•Ÿˆäs","ã–ì–{’¬",1,"master","2019-01-01-12.34.56.123000","master","2019-01-01-12.34.56.123000"
"9100135","•ŸˆäŒ§","•Ÿˆäs","ã–ì–{’¬V",1,"master","2019-01-01-12.34.56.123000","master","2019-01-01-12.34.56.123000"
"9100136","•ŸˆäŒ§","•Ÿˆäs","ŒIX’¬•l",1,"master","2019-01-01-12.34.56.123000","master","2019-01-01-12.34.56.123000"
"9100137","•ŸˆäŒ§","•Ÿˆäs","ŒIX’¬",1,"master","2019-01-01-12.34.56.123000","master","2019-01-01-12.34.56.123000"
"9100141","•ŸˆäŒ§","•Ÿˆäs","ãX“c’¬",1,"master","2019-01-01-12.34.56.123000","master","2019-01-01-12.34.56.123000"
"9100142","•ŸˆäŒ§","•Ÿˆäs","ãX“c",1,"master","2019-01-01-12.34.56.123000","master","2019-01-01-12.34.56.123000"
"9100143","•ŸˆäŒ§","•Ÿˆäs","‰ºX“cV’¬",1,"master","2019-01-01-12.34.56.123000","master","2019-01-01-12.34.56.123000"
"9100144","•ŸˆäŒ§","•Ÿˆäs","‰ºX“c–{’¬",1,"master","2019-01-01-12.34.56.123000","master","2019-01-01-12.34.56.123000"
"9100145","•ŸˆäŒ§","•Ÿˆäs","‰ºX“c“¡Šª’¬",1,"master","2019-01-01-12.34.56.123000","master","2019-01-01-12.34.56.123000"
"9100146","•ŸˆäŒ§","•Ÿˆäs","‰ºX“c÷’¬",1,"master","2019-01-01-12.34.56.123000","master","2019-01-01-12.34.56.123000"
"9100147","•ŸˆäŒ§","•Ÿˆäs","‰ºX“c’¬",1,"master","2019-01-01-12.34.56.123000","master","2019-01-01-12.34.56.123000"
"9100151","•ŸˆäŒ§","•Ÿˆäs","‰h’¬",1,"master","2019-01-01-12.34.56.123000","master","2019-01-01-12.34.56.123000"
"9100152","•ŸˆäŒ§","•Ÿˆäs","ŒÃs",1,"master","2019-01-01-12.34.56.123000","master","2019-01-01-12.34.56.123000"
"9100153","•ŸˆäŒ§","•Ÿˆäs","ŒÃs’¬",1,"master","2019-01-01-12.34.56.123000","master","2019-01-01-12.34.56.123000"
"9100154","•ŸˆäŒ§","•Ÿˆäs","ˆî‘½Œ³’¬",1,"master","2019-01-01-12.34.56.123000","master","2019-01-01-12.34.56.123000"
"9100155","•ŸˆäŒ§","•Ÿˆäs","ˆî‘½•l’¬",1,"master","2019-01-01-12.34.56.123000","master","2019-01-01-12.34.56.123000"
"9100156","•ŸˆäŒ§","•Ÿˆäs","ˆî‘½V’¬",1,"master","2019-01-01-12.34.56.123000","master","2019-01-01-12.34.56.123000"
"9100157","•ŸˆäŒ§","•Ÿˆäs","”ªdŠª“Œ’¬",1,"master","2019-01-01-12.34.56.123000","master","2019-01-01-12.34.56.123000"
"9100158","•ŸˆäŒ§","•Ÿˆäs","”ªdŠª’†’¬",1,"master","2019-01-01-12.34.56.123000","master","2019-01-01-12.34.56.123000"
"9100801","•ŸˆäŒ§","•Ÿˆäs","›‘O’¬",1,"master","2019-01-01-12.34.56.123000","master","2019-01-01-12.34.56.123000"
"9100802","•ŸˆäŒ§","•Ÿˆäs","‘å˜a“c’¬",1,"master","2019-01-01-12.34.56.123000","master","2019-01-01-12.34.56.123000"
"9100803","•ŸˆäŒ§","•Ÿˆäs","‚–ö’¬",1,"master","2019-01-01-12.34.56.123000","master","2019-01-01-12.34.56.123000"
"9100804","•ŸˆäŒ§","•Ÿˆäs","‚–Ø’†‰›",1,"master","2019-01-01-12.34.56.123000","master","2019-01-01-12.34.56.123000"
"9100805","•ŸˆäŒ§","•Ÿˆäs","‚–Ø",1,"master","2019-01-01-12.34.56.123000","master","2019-01-01-12.34.56.123000"
"9100806","•ŸˆäŒ§","•Ÿˆäs","‚–Ø’¬",1,"master","2019-01-01-12.34.56.123000","master","2019-01-01-12.34.56.123000"
"9100807","•ŸˆäŒ§","•Ÿˆäs","‚–Ø–k",1,"master","2019-01-01-12.34.56.123000","master","2019-01-01-12.34.56.123000"
"9100808","•ŸˆäŒ§","•Ÿˆäs","M‹´",1,"master","2019-01-01-12.34.56.123000","master","2019-01-01-12.34.56.123000"
"9100809","•ŸˆäŒ§","•Ÿˆäs","M‹´’¬",1,"master","2019-01-01-12.34.56.123000","master","2019-01-01-12.34.56.123000"
"9100811","•ŸˆäŒ§","•Ÿˆäs","’†“¡V•Û’¬",1,"master","2019-01-01-12.34.56.123000","master","2019-01-01-12.34.56.123000"
"9100812","•ŸˆäŒ§","•Ÿˆäs","V“c–{’¬",1,"master","2019-01-01-12.34.56.123000","master","2019-01-01-12.34.56.123000"
"9100813","•ŸˆäŒ§","•Ÿˆäs","’†V“c’¬",1,"master","2019-01-01-12.34.56.123000","master","2019-01-01-12.34.56.123000"
"9100814","•ŸˆäŒ§","•Ÿˆäs","–k–ì‰º’¬",1,"master","2019-01-01-12.34.56.123000","master","2019-01-01-12.34.56.123000"
"9100815","•ŸˆäŒ§","•Ÿˆäs","–k–ìã’¬",1,"master","2019-01-01-12.34.56.123000","master","2019-01-01-12.34.56.123000"
"9100816","•ŸˆäŒ§","•Ÿˆäs","’†ƒm‹½’¬",1,"master","2019-01-01-12.34.56.123000","master","2019-01-01-12.34.56.123000"
"9100817","•ŸˆäŒ§","•Ÿˆäs","ò“c’¬",1,"master","2019-01-01-12.34.56.123000","master","2019-01-01-12.34.56.123000"
"9100818","•ŸˆäŒ§","•Ÿˆäs","“°“‡’¬",1,"master","2019-01-01-12.34.56.123000","master","2019-01-01-12.34.56.123000"
"9100821","•ŸˆäŒ§","•Ÿˆäs","“‡‹´’¬",1,"master","2019-01-01-12.34.56.123000","master","2019-01-01-12.34.56.123000"
"9100822","•ŸˆäŒ§","•Ÿˆäs","Œº³“‡’¬",1,"master","2019-01-01-12.34.56.123000","master","2019-01-01-12.34.56.123000"
"9100823","•ŸˆäŒ§","•Ÿˆäs","d—§’¬",1,"master","2019-01-01-12.34.56.123000","master","2019-01-01-12.34.56.123000"
"9100824","•ŸˆäŒ§","•Ÿˆäs","ŠÔR’¬",1,"master","2019-01-01-12.34.56.123000","master","2019-01-01-12.34.56.123000"
"9100825","•ŸˆäŒ§","•Ÿˆäs","Œ´–Ú’¬",1,"master","2019-01-01-12.34.56.123000","master","2019-01-01-12.34.56.123000"
"9100826","•ŸˆäŒ§","•Ÿˆäs","ã’†’¬",1,"master","2019-01-01-12.34.56.123000","master","2019-01-01-12.34.56.123000"
"9100827","•ŸˆäŒ§","•Ÿˆäs","“¡“‡’¬",1,"master","2019-01-01-12.34.56.123000","master","2019-01-01-12.34.56.123000"
"9100828","•ŸˆäŒ§","•Ÿˆäs","—Ñ’¬",1,"master","2019-01-01-12.34.56.123000","master","2019-01-01-12.34.56.123000"
"9100829","•ŸˆäŒ§","•Ÿˆäs","—Ñ“¡“‡’¬",1,"master","2019-01-01-12.34.56.123000","master","2019-01-01-12.34.56.123000"
"9100831","•ŸˆäŒ§","•Ÿˆäs","á‰h’¬",1,"master","2019-01-01-12.34.56.123000","master","2019-01-01-12.34.56.123000"
"9100832","•ŸˆäŒ§","•Ÿˆäs","V•Û’¬",1,"master","2019-01-01-12.34.56.123000","master","2019-01-01-12.34.56.123000"
"9100833","•ŸˆäŒ§","•Ÿˆäs","V•Û",1,"master","2019-01-01-12.34.56.123000","master","2019-01-01-12.34.56.123000"
"9100834","•ŸˆäŒ§","•Ÿˆäs","ŠÛR",1,"master","2019-01-01-12.34.56.123000","master","2019-01-01-12.34.56.123000"
"9100835","•ŸˆäŒ§","•Ÿˆäs","ŠÛR’¬",1,"master","2019-01-01-12.34.56.123000","master","2019-01-01-12.34.56.123000"
"9100836","•ŸˆäŒ§","•Ÿˆäs","‘å˜a“c",1,"master","2019-01-01-12.34.56.123000","master","2019-01-01-12.34.56.123000"
"9100837","•ŸˆäŒ§","•Ÿˆäs","‚–ö",1,"master","2019-01-01-12.34.56.123000","master","2019-01-01-12.34.56.123000"
"9100838","•ŸˆäŒ§","•Ÿˆäs","V•Û–k",1,"master","2019-01-01-12.34.56.123000","master","2019-01-01-12.34.56.123000"
"9100841","•ŸˆäŒ§","•Ÿˆäs","ŠJ”­’¬",1,"master","2019-01-01-12.34.56.123000","master","2019-01-01-12.34.56.123000"
"9100842","•ŸˆäŒ§","•Ÿˆäs","ŠJ”­",1,"master","2019-01-01-12.34.56.123000","master","2019-01-01-12.34.56.123000"
"9100843","•ŸˆäŒ§","•Ÿˆäs","¼ŠJ”­",1,"master","2019-01-01-12.34.56.123000","master","2019-01-01-12.34.56.123000"
"9100844","•ŸˆäŒ§","•Ÿˆäs","’·–{’¬",1,"master","2019-01-01-12.34.56.123000","master","2019-01-01-12.34.56.123000"
"9100845","•ŸˆäŒ§","•Ÿˆäs","u”äŒû",1,"master","2019-01-01-12.34.56.123000","master","2019-01-01-12.34.56.123000"
"9100846","•ŸˆäŒ§","•Ÿˆäs","lƒcˆä",1,"master","2019-01-01-12.34.56.123000","master","2019-01-01-12.34.56.123000"
"9100851","•ŸˆäŒ§","•Ÿˆäs","•Ä¼",1,"master","2019-01-01-12.34.56.123000","master","2019-01-01-12.34.56.123000"
"9100852","•ŸˆäŒ§","•Ÿˆäs","¼é’¬",1,"master","2019-01-01-12.34.56.123000","master","2019-01-01-12.34.56.123000"
"9100853","•ŸˆäŒ§","•Ÿˆäs","é“Œ",1,"master","2019-01-01-12.34.56.123000","master","2019-01-01-12.34.56.123000"
"9100854","•ŸˆäŒ§","•Ÿˆäs","ŒäK",1,"master","2019-01-01-12.34.56.123000","master","2019-01-01-12.34.56.123000"
"9100855","•ŸˆäŒ§","•Ÿˆäs","¼•û",1,"master","2019-01-01-12.34.56.123000","master","2019-01-01-12.34.56.123000"
"9100856","•ŸˆäŒ§","•Ÿˆäs","ŸŒ©",1,"master","2019-01-01-12.34.56.123000","master","2019-01-01-12.34.56.123000"
"9100857","•ŸˆäŒ§","•Ÿˆäs","–L“‡",1,"master","2019-01-01-12.34.56.123000","master","2019-01-01-12.34.56.123000"
"9100858","•ŸˆäŒ§","•Ÿˆäs","èŠñ",1,"master","2019-01-01-12.34.56.123000","master","2019-01-01-12.34.56.123000"
"9100859","•ŸˆäŒ§","•Ÿˆäs","“ú”Vo",1,"master","2019-01-01-12.34.56.123000","master","2019-01-01-12.34.56.123000"
"9102141","•ŸˆäŒ§","•Ÿˆäs","‚”ö’¬",1,"master","2019-01-01-12.34.56.123000","master","2019-01-01-12.34.56.123000"
"9102142","•ŸˆäŒ§","•Ÿˆäs","‘O”g’¬",1,"master","2019-01-01-12.34.56.123000","master","2019-01-01-12.34.56.123000"
"9102143","•ŸˆäŒ§","•Ÿˆäs","h•z’¬",1,"master","2019-01-01-12.34.56.123000","master","2019-01-01-12.34.56.123000"
"9102144","•ŸˆäŒ§","•Ÿˆäs","ã”ù¹–å’¬",1,"master","2019-01-01-12.34.56.123000","master","2019-01-01-12.34.56.123000"
"9102145","•ŸˆäŒ§","•Ÿˆäs","’†”ù¹–å’¬",1,"master","2019-01-01-12.34.56.123000","master","2019-01-01-12.34.56.123000"
"9102146","•ŸˆäŒ§","•Ÿˆäs","‰º”ù¹–å’¬",1,"master","2019-01-01-12.34.56.123000","master","2019-01-01-12.34.56.123000"
"9102147","•ŸˆäŒ§","•Ÿˆäs","¬Šè›’¬",1,"master","2019-01-01-12.34.56.123000","master","2019-01-01-12.34.56.123000"
"9102148","•ŸˆäŒ§","•Ÿˆäs","Â”ö’¬",1,"master","2019-01-01-12.34.56.123000","master","2019-01-01-12.34.56.123000"
"9102151","•ŸˆäŒ§","•Ÿˆäs","ˆÀ”g‰ê’†“‡’¬",1,"master","2019-01-01-12.34.56.123000","master","2019-01-01-12.34.56.123000"
"9102152","•ŸˆäŒ§","•Ÿˆäs","ˆÀ”g‰ê’¬",1,"master","2019-01-01-12.34.56.123000","master","2019-01-01-12.34.56.123000"
"9102153","•ŸˆäŒ§","•Ÿˆäs","éŒËƒm“à’¬",1,"master","2019-01-01-12.34.56.123000","master","2019-01-01-12.34.56.123000"
"9102154","•ŸˆäŒ§","•Ÿˆäs","“ŒV’¬",1,"master","2019-01-01-12.34.56.123000","master","2019-01-01-12.34.56.123000"
"9102155","•ŸˆäŒ§","•Ÿˆäs","ò‹³›’¬",1,"master","2019-01-01-12.34.56.123000","master","2019-01-01-12.34.56.123000"
"9102156","•ŸˆäŒ§","•Ÿˆäs","­–“’¬",1,"master","2019-01-01-12.34.56.123000","master","2019-01-01-12.34.56.123000"
"9102157","•ŸˆäŒ§","•Ÿˆäs","¼V’¬",1,"master","2019-01-01-12.34.56.123000","master","2019-01-01-12.34.56.123000"
"9102161","•ŸˆäŒ§","•Ÿˆäs","˜eOƒP’¬",1,"master","2019-01-01-12.34.56.123000","master","2019-01-01-12.34.56.123000"
"9102162","•ŸˆäŒ§","•Ÿˆäs","“ìR’¬",1,"master","2019-01-01-12.34.56.123000","master","2019-01-01-12.34.56.123000"
"9102163","•ŸˆäŒ§","•Ÿˆäs","“Èò’¬",1,"master","2019-01-01-12.34.56.123000","master","2019-01-01-12.34.56.123000"
"9102164","•ŸˆäŒ§","•Ÿˆäs","[Œ©’¬",1,"master","2019-01-01-12.34.56.123000","master","2019-01-01-12.34.56.123000"
"9102165","•ŸˆäŒ§","•Ÿˆäs","“Œ‹½“ñƒP’¬",1,"master","2019-01-01-12.34.56.123000","master","2019-01-01-12.34.56.123000"
"9102166","•ŸˆäŒ§","•Ÿˆäs","¬˜H’¬",1,"master","2019-01-01-12.34.56.123000","master","2019-01-01-12.34.56.123000"
"9102167","•ŸˆäŒ§","•Ÿˆäs","ˆÀŒ´’¬",1,"master","2019-01-01-12.34.56.123000","master","2019-01-01-12.34.56.123000"
"9102171","•ŸˆäŒ§","•Ÿˆäs","r–Ø’¬",1,"master","2019-01-01-12.34.56.123000","master","2019-01-01-12.34.56.123000"
"9102172","•ŸˆäŒ§","•Ÿˆäs","r–ØV•Û’¬",1,"master","2019-01-01-12.34.56.123000","master","2019-01-01-12.34.56.123000"
"9102173","•ŸˆäŒ§","•Ÿˆäs","‰º“Œ‹½’¬",1,"master","2019-01-01-12.34.56.123000","master","2019-01-01-12.34.56.123000"
"9102174","•ŸˆäŒ§","•Ÿˆäs","ã“Œ‹½’¬",1,"master","2019-01-01-12.34.56.123000","master","2019-01-01-12.34.56.123000"
"9102175","•ŸˆäŒ§","•Ÿˆäs","‰~¬›’¬",1,"master","2019-01-01-12.34.56.123000","master","2019-01-01-12.34.56.123000"
"9102176","•ŸˆäŒ§","•Ÿˆäs","“Œ‹½’†“‡’¬",1,"master","2019-01-01-12.34.56.123000","master","2019-01-01-12.34.56.123000"
"9102177","•ŸˆäŒ§","•Ÿˆäs","ˆî’Ã’¬",1,"master","2019-01-01-12.34.56.123000","master","2019-01-01-12.34.56.123000"
"9102178","•ŸˆäŒ§","•Ÿˆäs","’Ì–ì’¬",1,"master","2019-01-01-12.34.56.123000","master","2019-01-01-12.34.56.123000"
"9102201","•ŸˆäŒ§","•Ÿˆäs","M’J’¬",1,"master","2019-01-01-12.34.56.123000","master","2019-01-01-12.34.56.123000"
"9102202","•ŸˆäŒ§","•Ÿˆäs","Š’J’¬",1,"master","2019-01-01-12.34.56.123000","master","2019-01-01-12.34.56.123000"
"9102203","•ŸˆäŒ§","•Ÿˆäs","¼’†’¬",1,"master","2019-01-01-12.34.56.123000","master","2019-01-01-12.34.56.123000"
"9102204","•ŸˆäŒ§","•Ÿˆäs","”üR‘å’J’¬",1,"master","2019-01-01-12.34.56.123000","master","2019-01-01-12.34.56.123000"
"9102205","•ŸˆäŒ§","•Ÿˆäs","˜U’J’¬",1,"master","2019-01-01-12.34.56.123000","master","2019-01-01-12.34.56.123000"
"9102206","•ŸˆäŒ§","•Ÿˆäs","‹gR’¬iã‹gRj",1,"master","2019-01-01-12.34.56.123000","master","2019-01-01-12.34.56.123000"
"9102207","•ŸˆäŒ§","•Ÿˆäs","‹gR’¬i‰º‹gRj",1,"master","2019-01-01-12.34.56.123000","master","2019-01-01-12.34.56.123000"
"9102208","•ŸˆäŒ§","•Ÿˆäs","‹gR’¬i‚»‚Ì‘¼j",1,"master","2019-01-01-12.34.56.123000","master","2019-01-01-12.34.56.123000"
"9102211","•ŸˆäŒ§","•Ÿˆäs","àÚƒPŒû’¬",1,"master","2019-01-01-12.34.56.123000","master","2019-01-01-12.34.56.123000"
"9102212","•ŸˆäŒ§","•Ÿˆäs","¬˜a´…’¬",1,"master","2019-01-01-12.34.56.123000","master","2019-01-01-12.34.56.123000"
"9102213","•ŸˆäŒ§","•Ÿˆäs","‘å‹v•Û’¬",1,"master","2019-01-01-12.34.56.123000","master","2019-01-01-12.34.56.123000"
"9102214","•ŸˆäŒ§","•Ÿˆäs","•Ÿ“‡’¬",1,"master","2019-01-01-12.34.56.123000","master","2019-01-01-12.34.56.123000"
"9102221","•ŸˆäŒ§","•Ÿˆäs","“Ş—Ç£’¬",1,"master","2019-01-01-12.34.56.123000","master","2019-01-01-12.34.56.123000"
"9102222","•ŸˆäŒ§","•Ÿˆäs","s”g’¬",1,"master","2019-01-01-12.34.56.123000","master","2019-01-01-12.34.56.123000"
"9102223","•ŸˆäŒ§","•Ÿˆäs","‰Fâ•ÊŠ’¬",1,"master","2019-01-01-12.34.56.123000","master","2019-01-01-12.34.56.123000"
"9102224","•ŸˆäŒ§","•Ÿˆäs","O–œ’J’¬",1,"master","2019-01-01-12.34.56.123000","master","2019-01-01-12.34.56.123000"
"9102225","•ŸˆäŒ§","•Ÿˆäs","“cK’¬",1,"master","2019-01-01-12.34.56.123000","master","2019-01-01-12.34.56.123000"
"9102226","•ŸˆäŒ§","•Ÿˆäs","‚“c’¬",1,"master","2019-01-01-12.34.56.123000","master","2019-01-01-12.34.56.123000"
"9102227","•ŸˆäŒ§","•Ÿˆäs","‰Fâ‘å’J’¬",1,"master","2019-01-01-12.34.56.123000","master","2019-01-01-12.34.56.123000"
"9102331","•ŸˆäŒ§","•Ÿˆäs","ŒvÎ’¬",1,"master","2019-01-01-12.34.56.123000","master","2019-01-01-12.34.56.123000"
"9102332","•ŸˆäŒ§","•Ÿˆäs","–ì”g’¬i‚»‚Ì‘¼j",1,"master","2019-01-01-12.34.56.123000","master","2019-01-01-12.34.56.123000"
"9102333","•ŸˆäŒ§","•Ÿˆäs","–ì”g’¬i’Ç•ªj",1,"master","2019-01-01-12.34.56.123000","master","2019-01-01-12.34.56.123000"
"9102334","•ŸˆäŒ§","•Ÿˆäs","‘å‹{’¬",1,"master","2019-01-01-12.34.56.123000","master","2019-01-01-12.34.56.123000"
"9102335","•ŸˆäŒ§","•Ÿˆäs","–DŒ´’¬",1,"master","2019-01-01-12.34.56.123000","master","2019-01-01-12.34.56.123000"
"9102336","•ŸˆäŒ§","•Ÿˆäs","mˆÊ’¬",1,"master","2019-01-01-12.34.56.123000","master","2019-01-01-12.34.56.123000"
"9102337","•ŸˆäŒ§","•Ÿˆäs","–òt’¬iã–òtj",1,"master","2019-01-01-12.34.56.123000","master","2019-01-01-12.34.56.123000"
"9102338","•ŸˆäŒ§","•Ÿˆäs","–òt’¬i‰º–òtj",1,"master","2019-01-01-12.34.56.123000","master","2019-01-01-12.34.56.123000"
"9102339","•ŸˆäŒ§","•Ÿˆäs","–òt’¬i‚»‚Ì‘¼j",1,"master","2019-01-01-12.34.56.123000","master","2019-01-01-12.34.56.123000"
"9102341","•ŸˆäŒ§","•Ÿˆäs","“Œìã’¬",1,"master","2019-01-01-12.34.56.123000","master","2019-01-01-12.34.56.123000"
"9102342","•ŸˆäŒ§","•Ÿˆäs","“Œ–“’¬",1,"master","2019-01-01-12.34.56.123000","master","2019-01-01-12.34.56.123000"
"9102343","•ŸˆäŒ§","•Ÿˆäs","“ì¼–“’¬",1,"master","2019-01-01-12.34.56.123000","master","2019-01-01-12.34.56.123000"
"9102344","•ŸˆäŒ§","•Ÿˆäs","“ì‹{’n’¬",1,"master","2019-01-01-12.34.56.123000","master","2019-01-01-12.34.56.123000"
"9102345","•ŸˆäŒ§","•Ÿˆäs","ŠÔŒË’¬",1,"master","2019-01-01-12.34.56.123000","master","2019-01-01-12.34.56.123000"
"9102346","•ŸˆäŒ§","•Ÿˆäs","š’J’¬",1,"master","2019-01-01-12.34.56.123000","master","2019-01-01-12.34.56.123000"
"9102347","•ŸˆäŒ§","•Ÿˆäs","‹«›’¬",1,"master","2019-01-01-12.34.56.123000","master","2019-01-01-12.34.56.123000"
"9102348","•ŸˆäŒ§","•Ÿˆäs","•iƒP£’¬",1,"master","2019-01-01-12.34.56.123000","master","2019-01-01-12.34.56.123000"
"9102351","•ŸˆäŒ§","•Ÿˆäs","”üR’¬",1,"master","2019-01-01-12.34.56.123000","master","2019-01-01-12.34.56.123000"
"9102352","•ŸˆäŒ§","•Ÿˆäs","¬‰Fâ’¬",1,"master","2019-01-01-12.34.56.123000","master","2019-01-01-12.34.56.123000"
"9102353","•ŸˆäŒ§","•Ÿˆäs","¬‰Fâ“‡’¬",1,"master","2019-01-01-12.34.56.123000","master","2019-01-01-12.34.56.123000"
"9102354","•ŸˆäŒ§","•Ÿˆäs","“Œ“V“c’¬",1,"master","2019-01-01-12.34.56.123000","master","2019-01-01-12.34.56.123000"
"9102355","•ŸˆäŒ§","•Ÿˆäs","¼“V“c’¬",1,"master","2019-01-01-12.34.56.123000","master","2019-01-01-12.34.56.123000"
"9102356","•ŸˆäŒ§","•Ÿˆäs","‘ ì’¬",1,"master","2019-01-01-12.34.56.123000","master","2019-01-01-12.34.56.123000"
"9102357","•ŸˆäŒ§","•Ÿˆäs","’©’J’¬",1,"master","2019-01-01-12.34.56.123000","master","2019-01-01-12.34.56.123000"
"9102461","•ŸˆäŒ§","•Ÿˆäs","“ì–ì’Ã–”’¬",1,"master","2019-01-01-12.34.56.123000","master","2019-01-01-12.34.56.123000"
"9102462","•ŸˆäŒ§","•Ÿˆäs","_“–•”’¬",1,"master","2019-01-01-12.34.56.123000","master","2019-01-01-12.34.56.123000"
"9102463","•ŸˆäŒ§","•Ÿˆäs","–¡Œ©‰Í“à’¬",1,"master","2019-01-01-12.34.56.123000","master","2019-01-01-12.34.56.123000"
"9102464","•ŸˆäŒ§","•Ÿˆäs","’†è’¬",1,"master","2019-01-01-12.34.56.123000","master","2019-01-01-12.34.56.123000"
"9102465","•ŸˆäŒ§","•Ÿˆäs","¬“–Œ©’¬",1,"master","2019-01-01-12.34.56.123000","master","2019-01-01-12.34.56.123000"
"9102466","•ŸˆäŒ§","•Ÿˆäs","¼s•z’¬",1,"master","2019-01-01-12.34.56.123000","master","2019-01-01-12.34.56.123000"
"9102471","•ŸˆäŒ§","•Ÿˆäs","¼‰ÍŒ´’¬",1,"master","2019-01-01-12.34.56.123000","master","2019-01-01-12.34.56.123000"
"9102472","•ŸˆäŒ§","•Ÿˆäs","“Œ‰ÍŒ´’¬",1,"master","2019-01-01-12.34.56.123000","master","2019-01-01-12.34.56.123000"
"9102473","•ŸˆäŒ§","•Ÿˆäs","‰¡‰z’¬",1,"master","2019-01-01-12.34.56.123000","master","2019-01-01-12.34.56.123000"
"9102474","•ŸˆäŒ§","•Ÿˆäs","Ü—§’¬",1,"master","2019-01-01-12.34.56.123000","master","2019-01-01-12.34.56.123000"
"9102475","•ŸˆäŒ§","•Ÿˆäs","Ô’J’¬",1,"master","2019-01-01-12.34.56.123000","master","2019-01-01-12.34.56.123000"
"9103101","•ŸˆäŒ§","•Ÿˆäs","º˜aV’¬",1,"master","2019-01-01-12.34.56.123000","master","2019-01-01-12.34.56.123000"
"9103102","•ŸˆäŒ§","•Ÿˆäs","¬ˆÑ’¬",1,"master","2019-01-01-12.34.56.123000","master","2019-01-01-12.34.56.123000"
"9103103","•ŸˆäŒ§","•Ÿˆäs","O‘î’¬",1,"master","2019-01-01-12.34.56.123000","master","2019-01-01-12.34.56.123000"
"9103104","•ŸˆäŒ§","•Ÿˆäs","•z{“c’¬",1,"master","2019-01-01-12.34.56.123000","master","2019-01-01-12.34.56.123000"
"9103105","•ŸˆäŒ§","•Ÿˆäs","¼’†–ì’¬",1,"master","2019-01-01-12.34.56.123000","master","2019-01-01-12.34.56.123000"
"9103106","•ŸˆäŒ§","•Ÿˆäs","’rK’¬",1,"master","2019-01-01-12.34.56.123000","master","2019-01-01-12.34.56.123000"
"9103107","•ŸˆäŒ§","•Ÿˆäs","•ŠÛé’¬",1,"master","2019-01-01-12.34.56.123000","master","2019-01-01-12.34.56.123000"
"9103111","•ŸˆäŒ§","•Ÿˆäs","“‡R—œq’¬",1,"master","2019-01-01-12.34.56.123000","master","2019-01-01-12.34.56.123000"
"9103112","•ŸˆäŒ§","•Ÿˆäs","ŒäŠŠ_“à’¬",1,"master","2019-01-01-12.34.56.123000","master","2019-01-01-12.34.56.123000"
"9103113","•ŸˆäŒ§","•Ÿˆäs","]ã’¬",1,"master","2019-01-01-12.34.56.123000","master","2019-01-01-12.34.56.123000"
"9103114","•ŸˆäŒ§","•Ÿˆäs","Œ•‘å’J’¬",1,"master","2019-01-01-12.34.56.123000","master","2019-01-01-12.34.56.123000"
"9103115","•ŸˆäŒ§","•Ÿˆäs","å’¬",1,"master","2019-01-01-12.34.56.123000","master","2019-01-01-12.34.56.123000"
"9103116","•ŸˆäŒ§","•Ÿˆäs","“àR—œq’¬",1,"master","2019-01-01-12.34.56.123000","master","2019-01-01-12.34.56.123000"
"9103117","•ŸˆäŒ§","•Ÿˆäs","ò“y›’¬",1,"master","2019-01-01-12.34.56.123000","master","2019-01-01-12.34.56.123000"
"9103118","•ŸˆäŒ§","•Ÿˆäs","ã–ì’¬",1,"master","2019-01-01-12.34.56.123000","master","2019-01-01-12.34.56.123000"
"9103121","•ŸˆäŒ§","•Ÿˆäs","²–ì’¬",1,"master","2019-01-01-12.34.56.123000","master","2019-01-01-12.34.56.123000"
"9103122","•ŸˆäŒ§","•Ÿˆäs","¬–ì’¬",1,"master","2019-01-01-12.34.56.123000","master","2019-01-01-12.34.56.123000"
"9103123","•ŸˆäŒ§","•Ÿˆäs","Î”©’¬",1,"master","2019-01-01-12.34.56.123000","master","2019-01-01-12.34.56.123000"
"9103124","•ŸˆäŒ§","•Ÿˆäs","“cƒm“ª’¬",1,"master","2019-01-01-12.34.56.123000","master","2019-01-01-12.34.56.123000"
"9103125","•ŸˆäŒ§","•Ÿˆäs","sƒm£’¬",1,"master","2019-01-01-12.34.56.123000","master","2019-01-01-12.34.56.123000"
"9103126","•ŸˆäŒ§","•Ÿˆäs","[â’¬",1,"master","2019-01-01-12.34.56.123000","master","2019-01-01-12.34.56.123000"
"9103127","•ŸˆäŒ§","•Ÿˆäs","’†R’¬",1,"master","2019-01-01-12.34.56.123000","master","2019-01-01-12.34.56.123000"
"9103128","•ŸˆäŒ§","•Ÿˆäs","ˆ×Šñ’¬",1,"master","2019-01-01-12.34.56.123000","master","2019-01-01-12.34.56.123000"
"9103131","•ŸˆäŒ§","•Ÿˆäs","”’•û’¬",1,"master","2019-01-01-12.34.56.123000","master","2019-01-01-12.34.56.123000"
"9103132","•ŸˆäŒ§","•Ÿˆäs","•l“‡’¬",1,"master","2019-01-01-12.34.56.123000","master","2019-01-01-12.34.56.123000"
"9103133","•ŸˆäŒ§","•Ÿˆäs","ÎV•Û’¬",1,"master","2019-01-01-12.34.56.123000","master","2019-01-01-12.34.56.123000"
"9103134","•ŸˆäŒ§","•Ÿˆäs","•l•ÊŠ’¬",1,"master","2019-01-01-12.34.56.123000","master","2019-01-01-12.34.56.123000"
"9103135","•ŸˆäŒ§","•Ÿˆäs","—¼‹´‰®’¬",1,"master","2019-01-01-12.34.56.123000","master","2019-01-01-12.34.56.123000"
"9103136","•ŸˆäŒ§","•Ÿˆäs","ìK’¬",1,"master","2019-01-01-12.34.56.123000","master","2019-01-01-12.34.56.123000"
"9103137","•ŸˆäŒ§","•Ÿˆäs","Î‹´’¬",1,"master","2019-01-01-12.34.56.123000","master","2019-01-01-12.34.56.123000"
"9103138","•ŸˆäŒ§","•Ÿˆäs","ƒeƒNƒmƒ|[ƒg",1,"master","2019-01-01-12.34.56.123000","master","2019-01-01-12.34.56.123000"
"9103141","•ŸˆäŒ§","•Ÿˆäs","»q“c’¬",1,"master","2019-01-01-12.34.56.123000","master","2019-01-01-12.34.56.123000"
"9103142","•ŸˆäŒ§","•Ÿˆäs","”gŠñ’¬",1,"master","2019-01-01-12.34.56.123000","master","2019-01-01-12.34.56.123000"
"9103143","•ŸˆäŒ§","•Ÿˆäs","»qâ’¬",1,"master","2019-01-01-12.34.56.123000","master","2019-01-01-12.34.56.123000"
"9103144","•ŸˆäŒ§","•Ÿˆäs","…Ø’¬",1,"master","2019-01-01-12.34.56.123000","master","2019-01-01-12.34.56.123000"
"9103145","•ŸˆäŒ§","•Ÿˆäs","‹ø–ì’¬",1,"master","2019-01-01-12.34.56.123000","master","2019-01-01-12.34.56.123000"
"9103146","•ŸˆäŒ§","•Ÿˆäs","¬”¦’¬",1,"master","2019-01-01-12.34.56.123000","master","2019-01-01-12.34.56.123000"
"9103147","•ŸˆäŒ§","•Ÿˆäs","–Ø‰º’¬",1,"master","2019-01-01-12.34.56.123000","master","2019-01-01-12.34.56.123000"
"9103148","•ŸˆäŒ§","•Ÿˆäs","ÒŠ—’J’¬",1,"master","2019-01-01-12.34.56.123000","master","2019-01-01-12.34.56.123000"
"9103251","•ŸˆäŒ§","•Ÿˆäs","r’J’¬",1,"master","2019-01-01-12.34.56.123000","master","2019-01-01-12.34.56.123000"
"9103252","•ŸˆäŒ§","•Ÿˆäs","“•–L’¬",1,"master","2019-01-01-12.34.56.123000","master","2019-01-01-12.34.56.123000"
"9103253","•ŸˆäŒ§","•Ÿˆäs","‘å’J’¬",1,"master","2019-01-01-12.34.56.123000","master","2019-01-01-12.34.56.123000"
"9103254","•ŸˆäŒ§","•Ÿˆäs","”ª”¦’¬",1,"master","2019-01-01-12.34.56.123000","master","2019-01-01-12.34.56.123000"
"9103255","•ŸˆäŒ§","•Ÿˆäs","‘å”N’¬",1,"master","2019-01-01-12.34.56.123000","master","2019-01-01-12.34.56.123000"
"9103256","•ŸˆäŒ§","•Ÿˆäs","’†’¬",1,"master","2019-01-01-12.34.56.123000","master","2019-01-01-12.34.56.123000"
"9103261","•ŸˆäŒ§","•Ÿˆäs","¼rˆä’¬",1,"master","2019-01-01-12.34.56.123000","master","2019-01-01-12.34.56.123000"
"9103262","•ŸˆäŒ§","•Ÿˆäs","ˆê‰¤›’¬",1,"master","2019-01-01-12.34.56.123000","master","2019-01-01-12.34.56.123000"
"9103263","•ŸˆäŒ§","•Ÿˆäs","’†‰Í“à’¬",1,"master","2019-01-01-12.34.56.123000","master","2019-01-01-12.34.56.123000"
"9103264","•ŸˆäŒ§","•Ÿˆäs","–Ø•Ä’¬",1,"master","2019-01-01-12.34.56.123000","master","2019-01-01-12.34.56.123000"
"9103265","•ŸˆäŒ§","•Ÿˆäs","Š`’J’¬",1,"master","2019-01-01-12.34.56.123000","master","2019-01-01-12.34.56.123000"
"9103266","•ŸˆäŒ§","•Ÿˆäs","“Œ•½’¬",1,"master","2019-01-01-12.34.56.123000","master","2019-01-01-12.34.56.123000"
"9103266","•ŸˆäŒ§","•Ÿˆäs","”L£’¬",1,"master","2019-01-01-12.34.56.123000","master","2019-01-01-12.34.56.123000"
"9103266","•ŸˆäŒ§","•Ÿˆäs","‘«’J’¬",1,"master","2019-01-01-12.34.56.123000","master","2019-01-01-12.34.56.123000"
"9103267","•ŸˆäŒ§","•Ÿˆäs","‰Í“à’¬",1,"master","2019-01-01-12.34.56.123000","master","2019-01-01-12.34.56.123000"
"9103268","•ŸˆäŒ§","•Ÿˆäs","’†•½’¬",1,"master","2019-01-01-12.34.56.123000","master","2019-01-01-12.34.56.123000"
"9103268","•ŸˆäŒ§","•Ÿˆäs","‰œ•½’¬",1,"master","2019-01-01-12.34.56.123000","master","2019-01-01-12.34.56.123000"
"9103268","•ŸˆäŒ§","•Ÿˆäs","´…•½’¬",1,"master","2019-01-01-12.34.56.123000","master","2019-01-01-12.34.56.123000"
"9103371","•ŸˆäŒ§","•Ÿˆäs","‘åŒE’¬",1,"master","2019-01-01-12.34.56.123000","master","2019-01-01-12.34.56.123000"
"9103372","•ŸˆäŒ§","•Ÿˆäs","¼“ñƒc‰®’¬",1,"master","2019-01-01-12.34.56.123000","master","2019-01-01-12.34.56.123000"
"9103373","•ŸˆäŒ§","•Ÿˆäs","¼”¨’¬",1,"master","2019-01-01-12.34.56.123000","master","2019-01-01-12.34.56.123000"
"9103374","•ŸˆäŒ§","•Ÿˆäs","‚{’¬",1,"master","2019-01-01-12.34.56.123000","master","2019-01-01-12.34.56.123000"
"9103375","•ŸˆäŒ§","•Ÿˆäs","‹{‹½’¬",1,"master","2019-01-01-12.34.56.123000","master","2019-01-01-12.34.56.123000"
"9103376","•ŸˆäŒ§","•Ÿˆäs","˜a•z’¬",1,"master","2019-01-01-12.34.56.123000","master","2019-01-01-12.34.56.123000"
"9103377","•ŸˆäŒ§","•Ÿˆäs","•lZ’¬",1,"master","2019-01-01-12.34.56.123000","master","2019-01-01-12.34.56.123000"
"9103378","•ŸˆäŒ§","•Ÿˆäs","–Æ’¹’¬",1,"master","2019-01-01-12.34.56.123000","master","2019-01-01-12.34.56.123000"
"9103381","•ŸˆäŒ§","•Ÿˆäs","–ª’¬",1,"master","2019-01-01-12.34.56.123000","master","2019-01-01-12.34.56.123000"
"9103382","•ŸˆäŒ§","•Ÿˆäs","¼ˆü’¬",1,"master","2019-01-01-12.34.56.123000","master","2019-01-01-12.34.56.123000"
"9103383","•ŸˆäŒ§","•Ÿˆäs","…è’¬",1,"master","2019-01-01-12.34.56.123000","master","2019-01-01-12.34.56.123000"
"9103384","•ŸˆäŒ§","•Ÿˆäs","’·‹´’¬",1,"master","2019-01-01-12.34.56.123000","master","2019-01-01-12.34.56.123000"
"9103385","•ŸˆäŒ§","•Ÿˆäs","–k›¶’¬",1,"master","2019-01-01-12.34.56.123000","master","2019-01-01-12.34.56.123000"
"9103386","•ŸˆäŒ§","•Ÿˆäs","“ì›¶’¬",1,"master","2019-01-01-12.34.56.123000","master","2019-01-01-12.34.56.123000"
"9103401","•ŸˆäŒ§","•Ÿˆäs","‘Œ©’¬",1,"master","2019-01-01-12.34.56.123000","master","2019-01-01-12.34.56.123000"
"9103402","•ŸˆäŒ§","•Ÿˆäs","ˆ¼ì’¬",1,"master","2019-01-01-12.34.56.123000","master","2019-01-01-12.34.56.123000"
"9103403","•ŸˆäŒ§","•Ÿˆäs","”’•l’¬",1,"master","2019-01-01-12.34.56.123000","master","2019-01-01-12.34.56.123000"
"9103404","•ŸˆäŒ§","•Ÿˆäs","‘å’O¶’¬",1,"master","2019-01-01-12.34.56.123000","master","2019-01-01-12.34.56.123000"
"9103405","•ŸˆäŒ§","•Ÿˆäs","¬’O¶’¬",1,"master","2019-01-01-12.34.56.123000","master","2019-01-01-12.34.56.123000"
"9103511","•ŸˆäŒ§","•Ÿˆäs","”’‘ê’¬",1,"master","2019-01-01-12.34.56.123000","master","2019-01-01-12.34.56.123000"
"9103512","•ŸˆäŒ§","•Ÿˆäs","¼•ÊŠ’¬",1,"master","2019-01-01-12.34.56.123000","master","2019-01-01-12.34.56.123000"
"9103513","•ŸˆäŒ§","•Ÿˆäs","h“°’¬",1,"master","2019-01-01-12.34.56.123000","master","2019-01-01-12.34.56.123000"
"9103514","•ŸˆäŒ§","•Ÿˆäs","…’J’¬",1,"master","2019-01-01-12.34.56.123000","master","2019-01-01-12.34.56.123000"
"9103515","•ŸˆäŒ§","•Ÿˆäs","‘å–î’¬",1,"master","2019-01-01-12.34.56.123000","master","2019-01-01-12.34.56.123000"
"9103516","•ŸˆäŒ§","•Ÿˆäs","•—”ö’¬",1,"master","2019-01-01-12.34.56.123000","master","2019-01-01-12.34.56.123000"
"9103517","•ŸˆäŒ§","•Ÿˆäs","”©’†’¬",1,"master","2019-01-01-12.34.56.123000","master","2019-01-01-12.34.56.123000"
"9103518","•ŸˆäŒ§","•Ÿˆäs","‘R’¬",1,"master","2019-01-01-12.34.56.123000","master","2019-01-01-12.34.56.123000"
"9103521","•ŸˆäŒ§","•Ÿˆäs","ç‡’¬",1,"master","2019-01-01-12.34.56.123000","master","2019-01-01-12.34.56.123000"
"9103522","•ŸˆäŒ§","•Ÿˆäs","—w’J’¬",1,"master","2019-01-01-12.34.56.123000","master","2019-01-01-12.34.56.123000"
"9103523","•ŸˆäŒ§","•Ÿˆäs","•ü’¬",1,"master","2019-01-01-12.34.56.123000","master","2019-01-01-12.34.56.123000"
"9103524","•ŸˆäŒ§","•Ÿˆäs","•Ê”¨’¬",1,"master","2019-01-01-12.34.56.123000","master","2019-01-01-12.34.56.123000"
"9103525","•ŸˆäŒ§","•Ÿˆäs","“òƒP’J’¬",1,"master","2019-01-01-12.34.56.123000","master","2019-01-01-12.34.56.123000"
"9103526","•ŸˆäŒ§","•Ÿˆäs","“ñƒc‰®’¬",1,"master","2019-01-01-12.34.56.123000","master","2019-01-01-12.34.56.123000"
"9103551","•ŸˆäŒ§","•Ÿˆäs","‘å–¡’¬",1,"master","2019-01-01-12.34.56.123000","master","2019-01-01-12.34.56.123000"
"9103552","•ŸˆäŒ§","•Ÿˆäs","ä£è’¬",1,"master","2019-01-01-12.34.56.123000","master","2019-01-01-12.34.56.123000"
"9103553","•ŸˆäŒ§","•Ÿˆäs","Š—¶’¬",1,"master","2019-01-01-12.34.56.123000","master","2019-01-01-12.34.56.123000"
"9103554","•ŸˆäŒ§","•Ÿˆäs","•l–kR’¬",1,"master","2019-01-01-12.34.56.123000","master","2019-01-01-12.34.56.123000"
"9103555","•ŸˆäŒ§","•Ÿˆäs","‹‘q’¬",1,"master","2019-01-01-12.34.56.123000","master","2019-01-01-12.34.56.123000"
"9103556","•ŸˆäŒ§","•Ÿˆäs","Ôâ’¬",1,"master","2019-01-01-12.34.56.123000","master","2019-01-01-12.34.56.123000"
"9103557","•ŸˆäŒ§","•Ÿˆäs","é—L’¬",1,"master","2019-01-01-12.34.56.123000","master","2019-01-01-12.34.56.123000"
"9103558","•ŸˆäŒ§","•Ÿˆäs","”ªƒc–“’¬",1,"master","2019-01-01-12.34.56.123000","master","2019-01-01-12.34.56.123000"
"9103601","•ŸˆäŒ§","•Ÿˆäs","´…’¬",1,"master","2019-01-01-12.34.56.123000","master","2019-01-01-12.34.56.123000"
"9103602","•ŸˆäŒ§","•Ÿˆäs","’|¶’¬",1,"master","2019-01-01-12.34.56.123000","master","2019-01-01-12.34.56.123000"
"9103603","•ŸˆäŒ§","•Ÿˆäs","•Ğ””’¬",1,"master","2019-01-01-12.34.56.123000","master","2019-01-01-12.34.56.123000"
"9103604","•ŸˆäŒ§","•Ÿˆäs","ƒOƒŠ[ƒ“ƒnƒCƒc",1,"master","2019-01-01-12.34.56.123000","master","2019-01-01-12.34.56.123000"
"9103605","•ŸˆäŒ§","•Ÿˆäs","’©‹{’¬",1,"master","2019-01-01-12.34.56.123000","master","2019-01-01-12.34.56.123000"
"9103606","•ŸˆäŒ§","•Ÿˆäs","“cK“È’J’¬",1,"master","2019-01-01-12.34.56.123000","master","2019-01-01-12.34.56.123000"
"9103607","•ŸˆäŒ§","•Ÿˆäs","´…™’J’¬",1,"master","2019-01-01-12.34.56.123000","master","2019-01-01-12.34.56.123000"
"9103608","•ŸˆäŒ§","•Ÿˆäs","O—¯’¬",1,"master","2019-01-01-12.34.56.123000","master","2019-01-01-12.34.56.123000"
"9103611","•ŸˆäŒ§","•Ÿˆäs","•ĞR’¬",1,"master","2019-01-01-12.34.56.123000","master","2019-01-01-12.34.56.123000"
"9103612","•ŸˆäŒ§","•Ÿˆäs","´…R’¬",1,"master","2019-01-01-12.34.56.123000","master","2019-01-01-12.34.56.123000"
"9103613","•ŸˆäŒ§","•Ÿˆäs","™’J’¬",1,"master","2019-01-01-12.34.56.123000","master","2019-01-01-12.34.56.123000"
"9103614","•ŸˆäŒ§","•Ÿˆäs","İ“c’¬",1,"master","2019-01-01-12.34.56.123000","master","2019-01-01-12.34.56.123000"
"9103615","•ŸˆäŒ§","•Ÿˆäs","’Ø’J’¬",1,"master","2019-01-01-12.34.56.123000","master","2019-01-01-12.34.56.123000"
"9103616","•ŸˆäŒ§","•Ÿˆäs","^ŒI’¬",1,"master","2019-01-01-12.34.56.123000","master","2019-01-01-12.34.56.123000"
"9103617","•ŸˆäŒ§","•Ÿˆäs","Œä–û’¬",1,"master","2019-01-01-12.34.56.123000","master","2019-01-01-12.34.56.123000"
"9103621","•ŸˆäŒ§","•Ÿˆäs","¬‰H’¬",1,"master","2019-01-01-12.34.56.123000","master","2019-01-01-12.34.56.123000"
"9103622","•ŸˆäŒ§","•Ÿˆäs","•—Šª’¬",1,"master","2019-01-01-12.34.56.123000","master","2019-01-01-12.34.56.123000"
"9103623","•ŸˆäŒ§","•Ÿˆäs","“‡›’¬",1,"master","2019-01-01-12.34.56.123000","master","2019-01-01-12.34.56.123000"
"9103631","•ŸˆäŒ§","•Ÿˆäs","˜a“c’¬",1,"master","2019-01-01-12.34.56.123000","master","2019-01-01-12.34.56.123000"
"9103632","•ŸˆäŒ§","•Ÿˆäs","‰º“V‰º’¬",1,"master","2019-01-01-12.34.56.123000","master","2019-01-01-12.34.56.123000"
"9103633","•ŸˆäŒ§","•Ÿˆäs","ã“V‰º’¬",1,"master","2019-01-01-12.34.56.123000","master","2019-01-01-12.34.56.123000"
"9103634","•ŸˆäŒ§","•Ÿˆäs","‘åX’¬",1,"master","2019-01-01-12.34.56.123000","master","2019-01-01-12.34.56.123000"
"9103635","•ŸˆäŒ§","•Ÿˆäs","u’Ã‚ª‹u",1,"master","2019-01-01-12.34.56.123000","master","2019-01-01-12.34.56.123000"
"9103636","•ŸˆäŒ§","•Ÿˆäs","R“à’¬",1,"master","2019-01-01-12.34.56.123000","master","2019-01-01-12.34.56.123000"
"9103641","•ŸˆäŒ§","•Ÿˆäs","•½”ö’¬",1,"master","2019-01-01-12.34.56.123000","master","2019-01-01-12.34.56.123000"
"9103642","•ŸˆäŒ§","•Ÿˆäs","–{Ü’¬",1,"master","2019-01-01-12.34.56.123000","master","2019-01-01-12.34.56.123000"
"9103643","•ŸˆäŒ§","•Ÿˆäs","‘ê”g’¬",1,"master","2019-01-01-12.34.56.123000","master","2019-01-01-12.34.56.123000"
"9103644","•ŸˆäŒ§","•Ÿˆäs","‰Á–Î“à’¬",1,"master","2019-01-01-12.34.56.123000","master","2019-01-01-12.34.56.123000"
"9103644","•ŸˆäŒ§","•Ÿˆäs","‰Á–Î’¬",1,"master","2019-01-01-12.34.56.123000","master","2019-01-01-12.34.56.123000"
"9103645","•ŸˆäŒ§","•Ÿˆäs","ù’J’¬",1,"master","2019-01-01-12.34.56.123000","master","2019-01-01-12.34.56.123000"
"9103646","•ŸˆäŒ§","•Ÿˆäs","´…”¨’¬",1,"master","2019-01-01-12.34.56.123000","master","2019-01-01-12.34.56.123000"
"9140000","•ŸˆäŒ§","“Ö‰ês","ˆÈ‰º‚ÉŒfÚ‚ª‚È‚¢ê‡",1,"master","2019-01-01-12.34.56.123000","master","2019-01-01-12.34.56.123000"
"9140001","•ŸˆäŒ§","“Ö‰ês","V•Û",1,"master","2019-01-01-12.34.56.123000","master","2019-01-01-12.34.56.123000"
"9140002","•ŸˆäŒ§","“Ö‰ês","—tŒ´",1,"master","2019-01-01-12.34.56.123000","master","2019-01-01-12.34.56.123000"
"9140003","•ŸˆäŒ§","“Ö‰ês","àÚ‰Í“à",1,"master","2019-01-01-12.34.56.123000","master","2019-01-01-12.34.56.123000"
"9140004","•ŸˆäŒ§","“Ö‰ês","’r‰Í“à",1,"master","2019-01-01-12.34.56.123000","master","2019-01-01-12.34.56.123000"
"9140005","•ŸˆäŒ§","“Ö‰ês","Š~‹È",1,"master","2019-01-01-12.34.56.123000","master","2019-01-01-12.34.56.123000"
"9140006","•ŸˆäŒ§","“Ö‰ês","‰zâ",1,"master","2019-01-01-12.34.56.123000","master","2019-01-01-12.34.56.123000"
"9140007","•ŸˆäŒ§","“Ö‰ês","“cK",1,"master","2019-01-01-12.34.56.123000","master","2019-01-01-12.34.56.123000"
"9140012","•ŸˆäŒ§","“Ö‰ês","ì–k",1,"master","2019-01-01-12.34.56.123000","master","2019-01-01-12.34.56.123000"
"9140013","•ŸˆäŒ§","“Ö‰ês","’JŒû",1,"master","2019-01-01-12.34.56.123000","master","2019-01-01-12.34.56.123000"
"9140014","•ŸˆäŒ§","“Ö‰ês","ˆäì",1,"master","2019-01-01-12.34.56.123000","master","2019-01-01-12.34.56.123000"
"9140015","•ŸˆäŒ§","“Ö‰ês","‰ÍŒ´’¬",1,"master","2019-01-01-12.34.56.123000","master","2019-01-01-12.34.56.123000"
"9140017","•ŸˆäŒ§","“Ö‰ês","“¡ƒP‹u’¬",1,"master","2019-01-01-12.34.56.123000","master","2019-01-01-12.34.56.123000"
"9140018","•ŸˆäŒ§","“Ö‰ês","‘å‘ ",1,"master","2019-01-01-12.34.56.123000","master","2019-01-01-12.34.56.123000"
"9140021","•ŸˆäŒ§","“Ö‰ês","òƒP‹u’¬",1,"master","2019-01-01-12.34.56.123000","master","2019-01-01-12.34.56.123000"
"9140022","•ŸˆäŒ§","“Ö‰ês","‚–ì",1,"master","2019-01-01-12.34.56.123000","master","2019-01-01-12.34.56.123000"
"9140023","•ŸˆäŒ§","“Ö‰ês","[ì’¬",1,"master","2019-01-01-12.34.56.123000","master","2019-01-01-12.34.56.123000"
"9140025","•ŸˆäŒ§","“Ö‰ês","”óƒm…’¬",1,"master","2019-01-01-12.34.56.123000","master","2019-01-01-12.34.56.123000"
"9140026","•ŸˆäŒ§","“Ö‰ês","–Øƒm‰è’¬",1,"master","2019-01-01-12.34.56.123000","master","2019-01-01-12.34.56.123000"
"9140028","•ŸˆäŒ§","“Ö‰ês","’†",1,"master","2019-01-01-12.34.56.123000","master","2019-01-01-12.34.56.123000"
"9140031","•ŸˆäŒ§","“Ö‰ês","’J",1,"master","2019-01-01-12.34.56.123000","master","2019-01-01-12.34.56.123000"
"9140032","•ŸˆäŒ§","“Ö‰ês","¬‰Í",1,"master","2019-01-01-12.34.56.123000","master","2019-01-01-12.34.56.123000"
"9140033","•ŸˆäŒ§","“Ö‰ês","”µŒ´",1,"master","2019-01-01-12.34.56.123000","master","2019-01-01-12.34.56.123000"
"9140034","•ŸˆäŒ§","“Ö‰ês","¬‰ÍŒû",1,"master","2019-01-01-12.34.56.123000","master","2019-01-01-12.34.56.123000"
"9140036","•ŸˆäŒ§","“Ö‰ês","“°",1,"master","2019-01-01-12.34.56.123000","master","2019-01-01-12.34.56.123000"
"9140038","•ŸˆäŒ§","“Ö‰ês","â‰º",1,"master","2019-01-01-12.34.56.123000","master","2019-01-01-12.34.56.123000"
"9140039","•ŸˆäŒ§","“Ö‰ês","‰HD’¬",1,"master","2019-01-01-12.34.56.123000","master","2019-01-01-12.34.56.123000"
"9140039","•ŸˆäŒ§","“Ö‰ês","ŠÏ‰¹’¬",1,"master","2019-01-01-12.34.56.123000","master","2019-01-01-12.34.56.123000"
"9140041","•ŸˆäŒ§","“Ö‰ês","•z“c’¬",1,"master","2019-01-01-12.34.56.123000","master","2019-01-01-12.34.56.123000"
"9140042","•ŸˆäŒ§","“Ö‰ês","ÎƒP’¬",1,"master","2019-01-01-12.34.56.123000","master","2019-01-01-12.34.56.123000"
"9140043","•ŸˆäŒ§","“Ö‰ês","ˆßŠ|’¬",1,"master","2019-01-01-12.34.56.123000","master","2019-01-01-12.34.56.123000"
"9140044","•ŸˆäŒ§","“Ö‰ês","‰ªR’¬",1,"master","2019-01-01-12.34.56.123000","master","2019-01-01-12.34.56.123000"
"9140045","•ŸˆäŒ§","“Ö‰ês","ŒÃ“cŠ ",1,"master","2019-01-01-12.34.56.123000","master","2019-01-01-12.34.56.123000"
"9140046","•ŸˆäŒ§","“Ö‰ês","’·‘ò",1,"master","2019-01-01-12.34.56.123000","master","2019-01-01-12.34.56.123000"
"9140047","•ŸˆäŒ§","“Ö‰ês","“Œ—m’¬",1,"master","2019-01-01-12.34.56.123000","master","2019-01-01-12.34.56.123000"
"9140051","•ŸˆäŒ§","“Ö‰ês","–{’¬",1,"master","2019-01-01-12.34.56.123000","master","2019-01-01-12.34.56.123000"
"9140052","•ŸˆäŒ§","“Ö‰ês","´…’¬",1,"master","2019-01-01-12.34.56.123000","master","2019-01-01-12.34.56.123000"
"9140053","•ŸˆäŒ§","“Ö‰ês","•‘è’¬",1,"master","2019-01-01-12.34.56.123000","master","2019-01-01-12.34.56.123000"
"9140054","•ŸˆäŒ§","“Ö‰ês","”’‹â’¬",1,"master","2019-01-01-12.34.56.123000","master","2019-01-01-12.34.56.123000"
"9140055","•ŸˆäŒ§","“Ö‰ês","“S—Ö’¬",1,"master","2019-01-01-12.34.56.123000","master","2019-01-01-12.34.56.123000"
"9140056","•ŸˆäŒ§","“Ö‰ês","’Ã“à’¬",1,"master","2019-01-01-12.34.56.123000","master","2019-01-01-12.34.56.123000"
"9140057","•ŸˆäŒ§","“Ö‰ês","ŠJ’¬",1,"master","2019-01-01-12.34.56.123000","master","2019-01-01-12.34.56.123000"
"9140058","•ŸˆäŒ§","“Ö‰ês","O“‡’¬",1,"master","2019-01-01-12.34.56.123000","master","2019-01-01-12.34.56.123000"
"9140059","•ŸˆäŒ§","“Ö‰ês","‘L’¬",1,"master","2019-01-01-12.34.56.123000","master","2019-01-01-12.34.56.123000"
"9140061","•ŸˆäŒ§","“Ö‰ês","–H—‰’¬",1,"master","2019-01-01-12.34.56.123000","master","2019-01-01-12.34.56.123000"
"9140062","•ŸˆäŒ§","“Ö‰ês","‘Š¶’¬",1,"master","2019-01-01-12.34.56.123000","master","2019-01-01-12.34.56.123000"
"9140063","•ŸˆäŒ§","“Ö‰ês","_Šy’¬",1,"master","2019-01-01-12.34.56.123000","master","2019-01-01-12.34.56.123000"
"9140065","•ŸˆäŒ§","“Ö‰ês","¼‰h’¬",1,"master","2019-01-01-12.34.56.123000","master","2019-01-01-12.34.56.123000"
"9140066","•ŸˆäŒ§","“Ö‰ês","ìè’¬",1,"master","2019-01-01-12.34.56.123000","master","2019-01-01-12.34.56.123000"
"9140071","•ŸˆäŒ§","“Ö‰ês","ò",1,"master","2019-01-01-12.34.56.123000","master","2019-01-01-12.34.56.123000"
"9140072","•ŸˆäŒ§","“Ö‰ês","‹àƒPè’¬",1,"master","2019-01-01-12.34.56.123000","master","2019-01-01-12.34.56.123000"
"9140073","•ŸˆäŒ§","“Ö‰ês","“V“›’¬",1,"master","2019-01-01-12.34.56.123000","master","2019-01-01-12.34.56.123000"
"9140074","•ŸˆäŒ§","“Ö‰ês","Šp­’¬",1,"master","2019-01-01-12.34.56.123000","master","2019-01-01-12.34.56.123000"
"9140075","•ŸˆäŒ§","“Ö‰ês","Œ’¬",1,"master","2019-01-01-12.34.56.123000","master","2019-01-01-12.34.56.123000"
"9140077","•ŸˆäŒ§","“Ö‰ês","‰hV’¬",1,"master","2019-01-01-12.34.56.123000","master","2019-01-01-12.34.56.123000"
"9140078","•ŸˆäŒ§","“Ö‰ês","÷’¬",1,"master","2019-01-01-12.34.56.123000","master","2019-01-01-12.34.56.123000"
"9140121","•ŸˆäŒ§","“Ö‰ês","–ì_",1,"master","2019-01-01-12.34.56.123000","master","2019-01-01-12.34.56.123000"
"9140122","•ŸˆäŒ§","“Ö‰ês","V˜a’¬",1,"master","2019-01-01-12.34.56.123000","master","2019-01-01-12.34.56.123000"
"9140124","•ŸˆäŒ§","“Ö‰ês","s–ìX",1,"master","2019-01-01-12.34.56.123000","master","2019-01-01-12.34.56.123000"
"9140124","•ŸˆäŒ§","“Ö‰ês","s–ìX’¬",1,"master","2019-01-01-12.34.56.123000","master","2019-01-01-12.34.56.123000"
"9140131","•ŸˆäŒ§","“Ö‰ês","Œö•¶–¼",1,"master","2019-01-01-12.34.56.123000","master","2019-01-01-12.34.56.123000"
"9140132","•ŸˆäŒ§","“Ö‰ês","Œä–¼",1,"master","2019-01-01-12.34.56.123000","master","2019-01-01-12.34.56.123000"
"9140135","•ŸˆäŒ§","“Ö‰ês","’·’J",1,"master","2019-01-01-12.34.56.123000","master","2019-01-01-12.34.56.123000"
"9140136","•ŸˆäŒ§","“Ö‰ês","»—¬",1,"master","2019-01-01-12.34.56.123000","master","2019-01-01-12.34.56.123000"
"9140137","•ŸˆäŒ§","“Ö‰ês","‚Ğ‚Î‚èƒP‹u’¬",1,"master","2019-01-01-12.34.56.123000","master","2019-01-01-12.34.56.123000"
"9140138","•ŸˆäŒ§","“Ö‰ês","‹ù—Ñ",1,"master","2019-01-01-12.34.56.123000","master","2019-01-01-12.34.56.123000"
"9140141","•ŸˆäŒ§","“Ö‰ês","ä´¶–ì",1,"master","2019-01-01-12.34.56.123000","master","2019-01-01-12.34.56.123000"
"9140142","•ŸˆäŒ§","“Ö‰ês","”‹–ì’¬",1,"master","2019-01-01-12.34.56.123000","master","2019-01-01-12.34.56.123000"
"9140143","•ŸˆäŒ§","“Ö‰ês","‘ò",1,"master","2019-01-01-12.34.56.123000","master","2019-01-01-12.34.56.123000"
"9140144","•ŸˆäŒ§","“Ö‰ês","÷ƒP‹u’¬",1,"master","2019-01-01-12.34.56.123000","master","2019-01-01-12.34.56.123000"
"9140145","•ŸˆäŒ§","“Ö‰ês","–ìâ",1,"master","2019-01-01-12.34.56.123000","master","2019-01-01-12.34.56.123000"
"9140146","•ŸˆäŒ§","“Ö‰ês","‹àR",1,"master","2019-01-01-12.34.56.123000","master","2019-01-01-12.34.56.123000"
"9140147","•ŸˆäŒ§","“Ö‰ês","ŠÖ",1,"master","2019-01-01-12.34.56.123000","master","2019-01-01-12.34.56.123000"
"9140262","•ŸˆäŒ§","“Ö‰ês","‘å”ä“c",1,"master","2019-01-01-12.34.56.123000","master","2019-01-01-12.34.56.123000"
"9140264","•ŸˆäŒ§","“Ö‰ês","™’Ã",1,"master","2019-01-01-12.34.56.123000","master","2019-01-01-12.34.56.123000"
"9140265","•ŸˆäŒ§","“Ö‰ês","ˆ¢‘]",1,"master","2019-01-01-12.34.56.123000","master","2019-01-01-12.34.56.123000"
"9140266","•ŸˆäŒ§","“Ö‰ês","‹“–ì",1,"master","2019-01-01-12.34.56.123000","master","2019-01-01-12.34.56.123000"
"9140267","•ŸˆäŒ§","“Ö‰ês","ŒÜ”¦",1,"master","2019-01-01-12.34.56.123000","master","2019-01-01-12.34.56.123000"
"9140268","•ŸˆäŒ§","“Ö‰ês","]—Ç",1,"master","2019-01-01-12.34.56.123000","master","2019-01-01-12.34.56.123000"
"9140271","•ŸˆäŒ§","“Ö‰ês","òi“Œ‰Yj",1,"master","2019-01-01-12.34.56.123000","master","2019-01-01-12.34.56.123000"
"9140272","•ŸˆäŒ§","“Ö‰ês","Ôè",1,"master","2019-01-01-12.34.56.123000","master","2019-01-01-12.34.56.123000"
"9140273","•ŸˆäŒ§","“Ö‰ês","“cŒ‹",1,"master","2019-01-01-12.34.56.123000","master","2019-01-01-12.34.56.123000"
"9140274","•ŸˆäŒ§","“Ö‰ês","‹fR",1,"master","2019-01-01-12.34.56.123000","master","2019-01-01-12.34.56.123000"
"9140301","•ŸˆäŒ§","“Ö‰ês","s‹´",1,"master","2019-01-01-12.34.56.123000","master","2019-01-01-12.34.56.123000"
"9140302","•ŸˆäŒ§","“Ö‰ês","•D“c",1,"master","2019-01-01-12.34.56.123000","master","2019-01-01-12.34.56.123000"
"9140303","•ŸˆäŒ§","“Ö‰ês","’Ç•ª",1,"master","2019-01-01-12.34.56.123000","master","2019-01-01-12.34.56.123000"
"9140304","•ŸˆäŒ§","“Ö‰ês","[â",1,"master","2019-01-01-12.34.56.123000","master","2019-01-01-12.34.56.123000"
"9140305","•ŸˆäŒ§","“Ö‰ês","‘ÊŒû",1,"master","2019-01-01-12.34.56.123000","master","2019-01-01-12.34.56.123000"
"9140311","•ŸˆäŒ§","“Ö‰ês","‰œ–ì",1,"master","2019-01-01-12.34.56.123000","master","2019-01-01-12.34.56.123000"
"9140312","•ŸˆäŒ§","“Ö‰ês","‘]X–Ø",1,"master","2019-01-01-12.34.56.123000","master","2019-01-01-12.34.56.123000"
"9140313","•ŸˆäŒ§","“Ö‰ês","“ª",1,"master","2019-01-01-12.34.56.123000","master","2019-01-01-12.34.56.123000"
"9140314","•ŸˆäŒ§","“Ö‰ês","™”¢",1,"master","2019-01-01-12.34.56.123000","master","2019-01-01-12.34.56.123000"
"9140315","•ŸˆäŒ§","“Ö‰ês","–ƒ¶Œû",1,"master","2019-01-01-12.34.56.123000","master","2019-01-01-12.34.56.123000"
"9140316","•ŸˆäŒ§","“Ö‰ês","‰œ–ƒ¶",1,"master","2019-01-01-12.34.56.123000","master","2019-01-01-12.34.56.123000"
"9140317","•ŸˆäŒ§","“Ö‰ês","V“¹",1,"master","2019-01-01-12.34.56.123000","master","2019-01-01-12.34.56.123000"
"9140801","•ŸˆäŒ§","“Ö‰ês","¼“‡’¬",1,"master","2019-01-01-12.34.56.123000","master","2019-01-01-12.34.56.123000"
"9140802","•ŸˆäŒ§","“Ö‰ês","Œà’|’¬",1,"master","2019-01-01-12.34.56.123000","master","2019-01-01-12.34.56.123000"
"9140803","•ŸˆäŒ§","“Ö‰ês","V¼“‡’¬",1,"master","2019-01-01-12.34.56.123000","master","2019-01-01-12.34.56.123000"
"9140805","•ŸˆäŒ§","“Ö‰ês","’’•¨t’¬",1,"master","2019-01-01-12.34.56.123000","master","2019-01-01-12.34.56.123000"
"9140806","•ŸˆäŒ§","“Ö‰ês","¼Œ´’¬",1,"master","2019-01-01-12.34.56.123000","master","2019-01-01-12.34.56.123000"
"9140807","•ŸˆäŒ§","“Ö‰ês","¼—t’¬",1,"master","2019-01-01-12.34.56.123000","master","2019-01-01-12.34.56.123000"
"9140811","•ŸˆäŒ§","“Ö‰ês","’†‰›’¬",1,"master","2019-01-01-12.34.56.123000","master","2019-01-01-12.34.56.123000"
"9140812","•ŸˆäŒ§","“Ö‰ês","º˜a’¬",1,"master","2019-01-01-12.34.56.123000","master","2019-01-01-12.34.56.123000"
"9140813","•ŸˆäŒ§","“Ö‰ês","Œà‰H’¬",1,"master","2019-01-01-12.34.56.123000","master","2019-01-01-12.34.56.123000"
"9140814","•ŸˆäŒ§","“Ö‰ês","–Øè",1,"master","2019-01-01-12.34.56.123000","master","2019-01-01-12.34.56.123000"
"9140815","•ŸˆäŒ§","“Ö‰ês","•½˜a’¬",1,"master","2019-01-01-12.34.56.123000","master","2019-01-01-12.34.56.123000"
"9140821","•ŸˆäŒ§","“Ö‰ês","‹ùì",1,"master","2019-01-01-12.34.56.123000","master","2019-01-01-12.34.56.123000"
"9140822","•ŸˆäŒ§","“Ö‰ês","‹ùì’¬",1,"master","2019-01-01-12.34.56.123000","master","2019-01-01-12.34.56.123000"
"9140823","•ŸˆäŒ§","“Ö‰ês","ŒBŒ©",1,"master","2019-01-01-12.34.56.123000","master","2019-01-01-12.34.56.123000"
"9140824","•ŸˆäŒ§","“Ö‰ês","Œ´",1,"master","2019-01-01-12.34.56.123000","master","2019-01-01-12.34.56.123000"
"9140825","•ŸˆäŒ§","“Ö‰ês","‰i‘å’¬",1,"master","2019-01-01-12.34.56.123000","master","2019-01-01-12.34.56.123000"
"9140831","•ŸˆäŒ§","“Ö‰ês","ŒB",1,"master","2019-01-01-12.34.56.123000","master","2019-01-01-12.34.56.123000"
"9140832","•ŸˆäŒ§","“Ö‰ês","í‹{",1,"master","2019-01-01-12.34.56.123000","master","2019-01-01-12.34.56.123000"
"9140833","•ŸˆäŒ§","“Ö‰ês","“êŠÔ",1,"master","2019-01-01-12.34.56.123000","master","2019-01-01-12.34.56.123000"
"9140834","•ŸˆäŒ§","“Ö‰ês","–¼q",1,"master","2019-01-01-12.34.56.123000","master","2019-01-01-12.34.56.123000"
"9140835","•ŸˆäŒ§","“Ö‰ês","“ñ‘º",1,"master","2019-01-01-12.34.56.123000","master","2019-01-01-12.34.56.123000"
"9140841","•ŸˆäŒ§","“Ö‰ês","—§Î",1,"master","2019-01-01-12.34.56.123000","master","2019-01-01-12.34.56.123000"
"9140843","•ŸˆäŒ§","“Ö‰ês","‰Y’ê",1,"master","2019-01-01-12.34.56.123000","master","2019-01-01-12.34.56.123000"
"9140844","•ŸˆäŒ§","“Ö‰ês","F•l",1,"master","2019-01-01-12.34.56.123000","master","2019-01-01-12.34.56.123000"
"9140845","•ŸˆäŒ§","“Ö‰ês","è",1,"master","2019-01-01-12.34.56.123000","master","2019-01-01-12.34.56.123000"
"9180000","•ŸˆäŒ§","•Ÿˆäs","ˆÈ‰º‚ÉŒfÚ‚ª‚È‚¢ê‡",1,"master","2019-01-01-12.34.56.123000","master","2019-01-01-12.34.56.123000"
"9188001","•ŸˆäŒ§","•Ÿˆäs","‚Â‚­‚à",1,"master","2019-01-01-12.34.56.123000","master","2019-01-01-12.34.56.123000"
"9188002","•ŸˆäŒ§","•Ÿˆäs","¶“à’¬",1,"master","2019-01-01-12.34.56.123000","master","2019-01-01-12.34.56.123000"
"9188003","•ŸˆäŒ§","•Ÿˆäs","–Ñ–î",1,"master","2019-01-01-12.34.56.123000","master","2019-01-01-12.34.56.123000"
"9188004","•ŸˆäŒ§","•Ÿˆäs","¼–Ø“c",1,"master","2019-01-01-12.34.56.123000","master","2019-01-01-12.34.56.123000"
"9188005","•ŸˆäŒ§","•Ÿˆäs","‚İ‚Ì‚è",1,"master","2019-01-01-12.34.56.123000","master","2019-01-01-12.34.56.123000"
"9188006","•ŸˆäŒ§","•Ÿˆäs","‘«‰Hã’¬",1,"master","2019-01-01-12.34.56.123000","master","2019-01-01-12.34.56.123000"
"9188007","•ŸˆäŒ§","•Ÿˆäs","‘«‰H",1,"master","2019-01-01-12.34.56.123000","master","2019-01-01-12.34.56.123000"
"9188008","•ŸˆäŒ§","•Ÿˆäs","—LŠy’¬",1,"master","2019-01-01-12.34.56.123000","master","2019-01-01-12.34.56.123000"
"9188009","•ŸˆäŒ§","•Ÿˆäs","R‰œ’¬",1,"master","2019-01-01-12.34.56.123000","master","2019-01-01-12.34.56.123000"
"9188011","•ŸˆäŒ§","•Ÿˆäs","ŒŒ©",1,"master","2019-01-01-12.34.56.123000","master","2019-01-01-12.34.56.123000"
"9188012","•ŸˆäŒ§","•Ÿˆäs","‰Ô“°–k",1,"master","2019-01-01-12.34.56.123000","master","2019-01-01-12.34.56.123000"
"9188013","•ŸˆäŒ§","•Ÿˆäs","‰Ô“°“Œ",1,"master","2019-01-01-12.34.56.123000","master","2019-01-01-12.34.56.123000"
"9188014","•ŸˆäŒ§","•Ÿˆäs","‰Ô“°’†",1,"master","2019-01-01-12.34.56.123000","master","2019-01-01-12.34.56.123000"
"9188015","•ŸˆäŒ§","•Ÿˆäs","‰Ô“°“ì",1,"master","2019-01-01-12.34.56.123000","master","2019-01-01-12.34.56.123000"
"9188016","•ŸˆäŒ§","•Ÿˆäs","]’[’¬",1,"master","2019-01-01-12.34.56.123000","master","2019-01-01-12.34.56.123000"
"9188017","•ŸˆäŒ§","•Ÿˆäs","‰ºrˆä’¬",1,"master","2019-01-01-12.34.56.123000","master","2019-01-01-12.34.56.123000"
"9188018","•ŸˆäŒ§","•Ÿˆäs","‘å“‡’¬",1,"master","2019-01-01-12.34.56.123000","master","2019-01-01-12.34.56.123000"
"9188021","•ŸˆäŒ§","•Ÿˆäs","–å‘O",1,"master","2019-01-01-12.34.56.123000","master","2019-01-01-12.34.56.123000"
"9188021","•ŸˆäŒ§","•Ÿˆäs","–å‘O’¬",1,"master","2019-01-01-12.34.56.123000","master","2019-01-01-12.34.56.123000"
"9188022","•ŸˆäŒ§","•Ÿˆäs","¼’J’¬",1,"master","2019-01-01-12.34.56.123000","master","2019-01-01-12.34.56.123000"
"9188023","•ŸˆäŒ§","•Ÿˆäs","¼’J",1,"master","2019-01-01-12.34.56.123000","master","2019-01-01-12.34.56.123000"
"9188024","•ŸˆäŒ§","•Ÿˆäs","•‘‰®’¬",1,"master","2019-01-01-12.34.56.123000","master","2019-01-01-12.34.56.123000"
"9188025","•ŸˆäŒ§","•Ÿˆäs","]ç’†",1,"master","2019-01-01-12.34.56.123000","master","2019-01-01-12.34.56.123000"
"9188025","•ŸˆäŒ§","•Ÿˆäs","]ç’†’¬",1,"master","2019-01-01-12.34.56.123000","master","2019-01-01-12.34.56.123000"
"9188026","•ŸˆäŒ§","•Ÿˆäs","Ÿº",1,"master","2019-01-01-12.34.56.123000","master","2019-01-01-12.34.56.123000"
"9188026","•ŸˆäŒ§","•Ÿˆäs","Ÿº’¬",1,"master","2019-01-01-12.34.56.123000","master","2019-01-01-12.34.56.123000"
"9188027","•ŸˆäŒ§","•Ÿˆäs","•Ÿ",1,"master","2019-01-01-12.34.56.123000","master","2019-01-01-12.34.56.123000"
"9188027","•ŸˆäŒ§","•Ÿˆäs","•Ÿ’¬",1,"master","2019-01-01-12.34.56.123000","master","2019-01-01-12.34.56.123000"
"9188031","•ŸˆäŒ§","•Ÿˆäs","í’r",1,"master","2019-01-01-12.34.56.123000","master","2019-01-01-12.34.56.123000"
"9188031","•ŸˆäŒ§","•Ÿˆäs","í’r’¬",1,"master","2019-01-01-12.34.56.123000","master","2019-01-01-12.34.56.123000"
"9188032","•ŸˆäŒ§","•Ÿˆäs","“ì]ç’¬",1,"master","2019-01-01-12.34.56.123000","master","2019-01-01-12.34.56.123000"
"9188033","•ŸˆäŒ§","•Ÿˆäs","‡’J’¬",1,"master","2019-01-01-12.34.56.123000","master","2019-01-01-12.34.56.123000"
"9188034","•ŸˆäŒ§","•Ÿˆäs","“ì‹’¬",1,"master","2019-01-01-12.34.56.123000","master","2019-01-01-12.34.56.123000"
"9188035","•ŸˆäŒ§","•Ÿˆäs","]ç‚Ì—¢",1,"master","2019-01-01-12.34.56.123000","master","2019-01-01-12.34.56.123000"
"9188036","•ŸˆäŒ§","•Ÿˆäs","V‰º]ç’¬",1,"master","2019-01-01-12.34.56.123000","master","2019-01-01-12.34.56.123000"
"9188037","•ŸˆäŒ§","•Ÿˆäs","‰º]ç’¬",1,"master","2019-01-01-12.34.56.123000","master","2019-01-01-12.34.56.123000"
"9188041","•ŸˆäŒ§","•Ÿˆäs","¼‰º–ì’¬",1,"master","2019-01-01-12.34.56.123000","master","2019-01-01-12.34.56.123000"
"9188042","•ŸˆäŒ§","•Ÿˆäs","“Œ‰º–ì’¬",1,"master","2019-01-01-12.34.56.123000","master","2019-01-01-12.34.56.123000"
"9188043","•ŸˆäŒ§","•Ÿˆäs","ŒÏ‹´",1,"master","2019-01-01-12.34.56.123000","master","2019-01-01-12.34.56.123000"
"9188044","•ŸˆäŒ§","•Ÿˆäs","‚’Ë’¬",1,"master","2019-01-01-12.34.56.123000","master","2019-01-01-12.34.56.123000"
"9188045","•ŸˆäŒ§","•Ÿˆäs","•ŸV’¬",1,"master","2019-01-01-12.34.56.123000","master","2019-01-01-12.34.56.123000"
"9188046","•ŸˆäŒ§","•Ÿˆäs","‰^“®Œö‰€",1,"master","2019-01-01-12.34.56.123000","master","2019-01-01-12.34.56.123000"
"9188047","•ŸˆäŒ§","•Ÿˆäs","‹vŠì’Ã’¬",1,"master","2019-01-01-12.34.56.123000","master","2019-01-01-12.34.56.123000"
"9188051","•ŸˆäŒ§","•Ÿˆäs","“‰€",1,"master","2019-01-01-12.34.56.123000","master","2019-01-01-12.34.56.123000"
"9188052","•ŸˆäŒ§","•Ÿˆäs","–¾—¢’¬",1,"master","2019-01-01-12.34.56.123000","master","2019-01-01-12.34.56.123000"
"9188053","•ŸˆäŒ§","•Ÿˆäs","¬R’J’¬",1,"master","2019-01-01-12.34.56.123000","master","2019-01-01-12.34.56.123000"
"9188054","•ŸˆäŒ§","•Ÿˆäs","‰Á–Î‰ÍŒ´’¬",1,"master","2019-01-01-12.34.56.123000","master","2019-01-01-12.34.56.123000"
"9188055","•ŸˆäŒ§","•Ÿˆäs","á™",1,"master","2019-01-01-12.34.56.123000","master","2019-01-01-12.34.56.123000"
"9188055","•ŸˆäŒ§","•Ÿˆäs","á™’¬",1,"master","2019-01-01-12.34.56.123000","master","2019-01-01-12.34.56.123000"
"9188056","•ŸˆäŒ§","•Ÿˆäs","á™•l",1,"master","2019-01-01-12.34.56.123000","master","2019-01-01-12.34.56.123000"
"9188057","•ŸˆäŒ§","•Ÿˆäs","‰Á–Î‰ÍŒ´",1,"master","2019-01-01-12.34.56.123000","master","2019-01-01-12.34.56.123000"
"9188058","•ŸˆäŒ§","•Ÿˆäs","‰Á–Î—Î‰‘’¬",1,"master","2019-01-01-12.34.56.123000","master","2019-01-01-12.34.56.123000"
"9188061","•ŸˆäŒ§","•Ÿˆäs","‹à‰®’¬",1,"master","2019-01-01-12.34.56.123000","master","2019-01-01-12.34.56.123000"
"9188062","•ŸˆäŒ§","•Ÿˆäs","‰ºs’¬",1,"master","2019-01-01-12.34.56.123000","master","2019-01-01-12.34.56.123000"
"9188063","•ŸˆäŒ§","•Ÿˆäs","‘å£’¬",1,"master","2019-01-01-12.34.56.123000","master","2019-01-01-12.34.56.123000"
"9188064","•ŸˆäŒ§","•Ÿˆäs","¼Šw‰€",1,"master","2019-01-01-12.34.56.123000","master","2019-01-01-12.34.56.123000"
"9188065","•ŸˆäŒ§","•Ÿˆäs","…‰z",1,"master","2019-01-01-12.34.56.123000","master","2019-01-01-12.34.56.123000"
"9188066","•ŸˆäŒ§","•Ÿˆäs","“n’¬",1,"master","2019-01-01-12.34.56.123000","master","2019-01-01-12.34.56.123000"
"9188067","•ŸˆäŒ§","•Ÿˆäs","”Ñ’Ë’¬",1,"master","2019-01-01-12.34.56.123000","master","2019-01-01-12.34.56.123000"
"9188068","•ŸˆäŒ§","•Ÿˆäs","ŠpÜ’¬",1,"master","2019-01-01-12.34.56.123000","master","2019-01-01-12.34.56.123000"
"9188071","•ŸˆäŒ§","•Ÿˆäs","‹°_’¬",1,"master","2019-01-01-12.34.56.123000","master","2019-01-01-12.34.56.123000"
"9188072","•ŸˆäŒ§","•Ÿˆäs","–k–x’¬",1,"master","2019-01-01-12.34.56.123000","master","2019-01-01-12.34.56.123000"
"9188073","•ŸˆäŒ§","•Ÿˆäs","ˆÀ“c’¬",1,"master","2019-01-01-12.34.56.123000","master","2019-01-01-12.34.56.123000"
"9188074","•ŸˆäŒ§","•Ÿˆäs","×â’¬",1,"master","2019-01-01-12.34.56.123000","master","2019-01-01-12.34.56.123000"
"9188075","•ŸˆäŒ§","•Ÿˆäs","‰Hâ’¬",1,"master","2019-01-01-12.34.56.123000","master","2019-01-01-12.34.56.123000"
"9188076","•ŸˆäŒ§","•Ÿˆäs","–{“°’¬",1,"master","2019-01-01-12.34.56.123000","master","2019-01-01-12.34.56.123000"
"9188077","•ŸˆäŒ§","•Ÿˆäs","––’¬",1,"master","2019-01-01-12.34.56.123000","master","2019-01-01-12.34.56.123000"
"9188078","•ŸˆäŒ§","•Ÿˆäs","X–Ñ’¬",1,"master","2019-01-01-12.34.56.123000","master","2019-01-01-12.34.56.123000"
"9188081","•ŸˆäŒ§","•Ÿˆäs","ãˆêŒõ’¬",1,"master","2019-01-01-12.34.56.123000","master","2019-01-01-12.34.56.123000"
"9188082","•ŸˆäŒ§","•Ÿˆäs","‰ºˆêŒõ’¬",1,"master","2019-01-01-12.34.56.123000","master","2019-01-01-12.34.56.123000"
"9188083","•ŸˆäŒ§","•Ÿˆäs","ŒÜ‘¾q’¬",1,"master","2019-01-01-12.34.56.123000","master","2019-01-01-12.34.56.123000"
"9188101","•ŸˆäŒ§","•Ÿˆäs","ˆê–{–Ø’¬",1,"master","2019-01-01-12.34.56.123000","master","2019-01-01-12.34.56.123000"
"9188102","•ŸˆäŒ§","•Ÿˆäs","¼”ÂŠ_’¬",1,"master","2019-01-01-12.34.56.123000","master","2019-01-01-12.34.56.123000"
"9188103","•ŸˆäŒ§","•Ÿˆäs","”ÂŠ_’¬",1,"master","2019-01-01-12.34.56.123000","master","2019-01-01-12.34.56.123000"
"9188104","•ŸˆäŒ§","•Ÿˆäs","”ÂŠ_",1,"master","2019-01-01-12.34.56.123000","master","2019-01-01-12.34.56.123000"
"9188105","•ŸˆäŒ§","•Ÿˆäs","–Ø“c",1,"master","2019-01-01-12.34.56.123000","master","2019-01-01-12.34.56.123000"
"9188106","•ŸˆäŒ§","•Ÿˆäs","–Ø“c’¬",1,"master","2019-01-01-12.34.56.123000","master","2019-01-01-12.34.56.123000"
"9188107","•ŸˆäŒ§","•Ÿˆäs","t“ú’¬",1,"master","2019-01-01-12.34.56.123000","master","2019-01-01-12.34.56.123000"
"9188108","•ŸˆäŒ§","•Ÿˆäs","t“ú",1,"master","2019-01-01-12.34.56.123000","master","2019-01-01-12.34.56.123000"
"9188111","•ŸˆäŒ§","•Ÿˆäs","”nŠ_’¬",1,"master","2019-01-01-12.34.56.123000","master","2019-01-01-12.34.56.123000"
"9188112","•ŸˆäŒ§","•Ÿˆäs","‰º”n",1,"master","2019-01-01-12.34.56.123000","master","2019-01-01-12.34.56.123000"
"9188113","•ŸˆäŒ§","•Ÿˆäs","‰º”n’¬",1,"master","2019-01-01-12.34.56.123000","master","2019-01-01-12.34.56.123000"
"9188114","•ŸˆäŒ§","•Ÿˆäs","‰H…",1,"master","2019-01-01-12.34.56.123000","master","2019-01-01-12.34.56.123000"
"9188115","•ŸˆäŒ§","•Ÿˆäs","•ÊŠ’¬",1,"master","2019-01-01-12.34.56.123000","master","2019-01-01-12.34.56.123000"
"9188116","•ŸˆäŒ§","•Ÿˆäs","‘å’¬",1,"master","2019-01-01-12.34.56.123000","master","2019-01-01-12.34.56.123000"
"9188131","•ŸˆäŒ§","•Ÿˆäs","¬ˆî’Ã’¬",1,"master","2019-01-01-12.34.56.123000","master","2019-01-01-12.34.56.123000"
"9188132","•ŸˆäŒ§","•Ÿˆäs","ã˜Zğ’¬",1,"master","2019-01-01-12.34.56.123000","master","2019-01-01-12.34.56.123000"
"9188133","•ŸˆäŒ§","•Ÿˆäs","ãä´¶“c’¬",1,"master","2019-01-01-12.34.56.123000","master","2019-01-01-12.34.56.123000"
"9188134","•ŸˆäŒ§","•Ÿˆäs","‰ºä´¶“c’¬",1,"master","2019-01-01-12.34.56.123000","master","2019-01-01-12.34.56.123000"
"9188135","•ŸˆäŒ§","•Ÿˆäs","‰º˜Zğ’¬",1,"master","2019-01-01-12.34.56.123000","master","2019-01-01-12.34.56.123000"
"9188136","•ŸˆäŒ§","•Ÿˆäs","“V‰¤’¬",1,"master","2019-01-01-12.34.56.123000","master","2019-01-01-12.34.56.123000"
"9188151","•ŸˆäŒ§","•Ÿˆäs","’†rˆä’¬",1,"master","2019-01-01-12.34.56.123000","master","2019-01-01-12.34.56.123000"
"9188152","•ŸˆäŒ§","•Ÿˆäs","¡s’¬",1,"master","2019-01-01-12.34.56.123000","master","2019-01-01-12.34.56.123000"
"9188153","•ŸˆäŒ§","•Ÿˆäs","ˆÀ•Û’¬",1,"master","2019-01-01-12.34.56.123000","master","2019-01-01-12.34.56.123000"
"9188154","•ŸˆäŒ§","•Ÿˆäs","“~–ì’¬",1,"master","2019-01-01-12.34.56.123000","master","2019-01-01-12.34.56.123000"
"9188155","•ŸˆäŒ§","•Ÿˆäs","™’J’¬",1,"master","2019-01-01-12.34.56.123000","master","2019-01-01-12.34.56.123000"
"9188156","•ŸˆäŒ§","•Ÿˆäs","ˆø–Ú’¬",1,"master","2019-01-01-12.34.56.123000","master","2019-01-01-12.34.56.123000"
"9188161","•ŸˆäŒ§","•Ÿˆäs","–gƒPè’¬",1,"master","2019-01-01-12.34.56.123000","master","2019-01-01-12.34.56.123000"
"9188162","•ŸˆäŒ§","•Ÿˆäs","ŠpŒ´’¬",1,"master","2019-01-01-12.34.56.123000","master","2019-01-01-12.34.56.123000"
"9188163","•ŸˆäŒ§","•Ÿˆäs","¶–ì’¬",1,"master","2019-01-01-12.34.56.123000","master","2019-01-01-12.34.56.123000"
"9188164","•ŸˆäŒ§","•Ÿˆäs","O–{–Ø’¬",1,"master","2019-01-01-12.34.56.123000","master","2019-01-01-12.34.56.123000"
"9188165","•ŸˆäŒ§","•Ÿˆäs","“¿”ö’¬",1,"master","2019-01-01-12.34.56.123000","master","2019-01-01-12.34.56.123000"
"9188166","•ŸˆäŒ§","•Ÿˆäs","åŒv’†’¬",1,"master","2019-01-01-12.34.56.123000","master","2019-01-01-12.34.56.123000"
"9188171","•ŸˆäŒ§","•Ÿˆäs","Xs’¬",1,"master","2019-01-01-12.34.56.123000","master","2019-01-01-12.34.56.123000"
"9188172","•ŸˆäŒ§","•Ÿˆäs","––L’¬",1,"master","2019-01-01-12.34.56.123000","master","2019-01-01-12.34.56.123000"
"9188173","•ŸˆäŒ§","•Ÿˆäs","‰º]K’¬",1,"master","2019-01-01-12.34.56.123000","master","2019-01-01-12.34.56.123000"
"9188174","•ŸˆäŒ§","•Ÿˆäs","ã]K’¬",1,"master","2019-01-01-12.34.56.123000","master","2019-01-01-12.34.56.123000"
"9188175","•ŸˆäŒ§","•Ÿˆäs","]KƒP‹u’¬",1,"master","2019-01-01-12.34.56.123000","master","2019-01-01-12.34.56.123000"
"9188176","•ŸˆäŒ§","•Ÿˆäs","O\”ªĞ’¬",1,"master","2019-01-01-12.34.56.123000","master","2019-01-01-12.34.56.123000"
"9188181","•ŸˆäŒ§","•Ÿˆäs","ó…’¬",1,"master","2019-01-01-12.34.56.123000","master","2019-01-01-12.34.56.123000"
"9188182","•ŸˆäŒ§","•Ÿˆäs","ó…“ñ“ú’¬",1,"master","2019-01-01-12.34.56.123000","master","2019-01-01-12.34.56.123000"
"9188183","•ŸˆäŒ§","•Ÿˆäs","ó…OƒP’¬",1,"master","2019-01-01-12.34.56.123000","master","2019-01-01-12.34.56.123000"
"9188184","•ŸˆäŒ§","•Ÿˆäs","^–Ø’¬",1,"master","2019-01-01-12.34.56.123000","master","2019-01-01-12.34.56.123000"
"9188185","•ŸˆäŒ§","•Ÿˆäs","’†–ì’¬",1,"master","2019-01-01-12.34.56.123000","master","2019-01-01-12.34.56.123000"
"9188186","•ŸˆäŒ§","•Ÿˆäs","’†–ì",1,"master","2019-01-01-12.34.56.123000","master","2019-01-01-12.34.56.123000"
"9188187","•ŸˆäŒ§","•Ÿˆäs","‰Ôç’¬",1,"master","2019-01-01-12.34.56.123000","master","2019-01-01-12.34.56.123000"
"9188188","•ŸˆäŒ§","•Ÿˆäs","O”ö–ì’¬",1,"master","2019-01-01-12.34.56.123000","master","2019-01-01-12.34.56.123000"
"9188201","•ŸˆäŒ§","•Ÿˆäs","“ìlƒc‹’¬",1,"master","2019-01-01-12.34.56.123000","master","2019-01-01-12.34.56.123000"
"9188202","•ŸˆäŒ§","•Ÿˆäs","‘å“Œ",1,"master","2019-01-01-12.34.56.123000","master","2019-01-01-12.34.56.123000"
"9188203","•ŸˆäŒ§","•Ÿˆäs","ã–k–ì",1,"master","2019-01-01-12.34.56.123000","master","2019-01-01-12.34.56.123000"
"9188204","•ŸˆäŒ§","•Ÿˆäs","“ìlƒc‹",1,"master","2019-01-01-12.34.56.123000","master","2019-01-01-12.34.56.123000"
"9188205","•ŸˆäŒ§","•Ÿˆäs","–klƒc‹",1,"master","2019-01-01-12.34.56.123000","master","2019-01-01-12.34.56.123000"
"9188206","•ŸˆäŒ§","•Ÿˆäs","–klƒc‹’¬",1,"master","2019-01-01-12.34.56.123000","master","2019-01-01-12.34.56.123000"
"9188207","•ŸˆäŒ§","•Ÿˆäs","‰~R",1,"master","2019-01-01-12.34.56.123000","master","2019-01-01-12.34.56.123000"
"9188211","•ŸˆäŒ§","•Ÿˆäs","‰º’†’¬",1,"master","2019-01-01-12.34.56.123000","master","2019-01-01-12.34.56.123000"
"9188212","•ŸˆäŒ§","•Ÿˆäs","–k¡ò’¬",1,"master","2019-01-01-12.34.56.123000","master","2019-01-01-12.34.56.123000"
"9188213","•ŸˆäŒ§","•Ÿˆäs","¡ò’¬",1,"master","2019-01-01-12.34.56.123000","master","2019-01-01-12.34.56.123000"
"9188214","•ŸˆäŒ§","•Ÿˆäs","“Œ¡ò’¬",1,"master","2019-01-01-12.34.56.123000","master","2019-01-01-12.34.56.123000"
"9188215","•ŸˆäŒ§","•Ÿˆäs","—¾’¬",1,"master","2019-01-01-12.34.56.123000","master","2019-01-01-12.34.56.123000"
"9188216","•ŸˆäŒ§","•Ÿˆäs","“a‰º’¬",1,"master","2019-01-01-12.34.56.123000","master","2019-01-01-12.34.56.123000"
"9188217","•ŸˆäŒ§","•Ÿˆäs","ˆó“c’¬",1,"master","2019-01-01-12.34.56.123000","master","2019-01-01-12.34.56.123000"
"9188218","•ŸˆäŒ§","•Ÿˆäs","‰Í‘’¬",1,"master","2019-01-01-12.34.56.123000","master","2019-01-01-12.34.56.123000"
"9188221","•ŸˆäŒ§","•Ÿˆäs","Œ˜’B’¬",1,"master","2019-01-01-12.34.56.123000","master","2019-01-01-12.34.56.123000"
"9188222","•ŸˆäŒ§","•Ÿˆäs","â‰º’¬",1,"master","2019-01-01-12.34.56.123000","master","2019-01-01-12.34.56.123000"
"9188223","•ŸˆäŒ§","•Ÿˆäs","‰Í…’¬",1,"master","2019-01-01-12.34.56.123000","master","2019-01-01-12.34.56.123000"
"9188224","•ŸˆäŒ§","•Ÿˆäs","‰Ô–ì’J’¬",1,"master","2019-01-01-12.34.56.123000","master","2019-01-01-12.34.56.123000"
"9188225","•ŸˆäŒ§","•Ÿˆäs","‹{’n’¬",1,"master","2019-01-01-12.34.56.123000","master","2019-01-01-12.34.56.123000"
"9188226","•ŸˆäŒ§","•Ÿˆäs","‘å”¨’¬",1,"master","2019-01-01-12.34.56.123000","master","2019-01-01-12.34.56.123000"
"9188227","•ŸˆäŒ§","•Ÿˆäs","Ÿ˜YŠÛ’¬",1,"master","2019-01-01-12.34.56.123000","master","2019-01-01-12.34.56.123000"
"9188228","•ŸˆäŒ§","•Ÿˆäs","‰ª¼’J’¬",1,"master","2019-01-01-12.34.56.123000","master","2019-01-01-12.34.56.123000"
"9188231","•ŸˆäŒ§","•Ÿˆäs","–â‰®’¬",1,"master","2019-01-01-12.34.56.123000","master","2019-01-01-12.34.56.123000"
"9188232","•ŸˆäŒ§","•Ÿˆäs","r–Ø•ÊŠ’¬",1,"master","2019-01-01-12.34.56.123000","master","2019-01-01-12.34.56.123000"
"9188233","•ŸˆäŒ§","•Ÿˆäs","‡“‡’¬",1,"master","2019-01-01-12.34.56.123000","master","2019-01-01-12.34.56.123000"
"9188234","•ŸˆäŒ§","•Ÿˆäs","‘]–œ•z’¬",1,"master","2019-01-01-12.34.56.123000","master","2019-01-01-12.34.56.123000"
"9188235","•ŸˆäŒ§","•Ÿˆäs","˜a“c’†’¬",1,"master","2019-01-01-12.34.56.123000","master","2019-01-01-12.34.56.123000"
"9188236","•ŸˆäŒ§","•Ÿˆäs","˜a“c’†",1,"master","2019-01-01-12.34.56.123000","master","2019-01-01-12.34.56.123000"
"9188237","•ŸˆäŒ§","•Ÿˆäs","˜a“c“Œ",1,"master","2019-01-01-12.34.56.123000","master","2019-01-01-12.34.56.123000"
"9188238","•ŸˆäŒ§","•Ÿˆäs","˜a“c",1,"master","2019-01-01-12.34.56.123000","master","2019-01-01-12.34.56.123000"
"9188239","•ŸˆäŒ§","•Ÿˆäs","¬˜a",1,"master","2019-01-01-12.34.56.123000","master","2019-01-01-12.34.56.123000"
"9190301","•ŸˆäŒ§","•Ÿˆäs","‰º×]’¬",1,"master","2019-01-01-12.34.56.123000","master","2019-01-01-12.34.56.123000"
"9190302","•ŸˆäŒ§","•Ÿˆäs","ã×]’¬",1,"master","2019-01-01-12.34.56.123000","master","2019-01-01-12.34.56.123000"
"9190303","•ŸˆäŒ§","•Ÿˆäs","Šâ‘q’¬",1,"master","2019-01-01-12.34.56.123000","master","2019-01-01-12.34.56.123000"
"9190304","•ŸˆäŒ§","•Ÿˆäs","“c’†’¬",1,"master","2019-01-01-12.34.56.123000","master","2019-01-01-12.34.56.123000"
"9190305","•ŸˆäŒ§","•Ÿˆäs","“¿Œõ’¬",1,"master","2019-01-01-12.34.56.123000","master","2019-01-01-12.34.56.123000"
"9190311","•ŸˆäŒ§","•Ÿˆäs","“c¡“‡’¬",1,"master","2019-01-01-12.34.56.123000","master","2019-01-01-12.34.56.123000"
"9190312","•ŸˆäŒ§","•Ÿˆäs","“Œ‘å–¡’¬",1,"master","2019-01-01-12.34.56.123000","master","2019-01-01-12.34.56.123000"
"9190313","•ŸˆäŒ§","•Ÿˆäs","¼‘å–¡’¬",1,"master","2019-01-01-12.34.56.123000","master","2019-01-01-12.34.56.123000"
"9190314","•ŸˆäŒ§","•Ÿˆäs","¶•”’¬",1,"master","2019-01-01-12.34.56.123000","master","2019-01-01-12.34.56.123000"
"9190315","•ŸˆäŒ§","•Ÿˆäs","¼‘Ü’¬",1,"master","2019-01-01-12.34.56.123000","master","2019-01-01-12.34.56.123000"
"9190316","•ŸˆäŒ§","•Ÿˆäs","‘å‘º’¬",1,"master","2019-01-01-12.34.56.123000","master","2019-01-01-12.34.56.123000"
"9190317","•ŸˆäŒ§","•Ÿˆäs","–kR’¬",1,"master","2019-01-01-12.34.56.123000","master","2019-01-01-12.34.56.123000"
"9190318","•ŸˆäŒ§","•Ÿˆäs","–kRV•Û’¬",1,"master","2019-01-01-12.34.56.123000","master","2019-01-01-12.34.56.123000"
"9190321","•ŸˆäŒ§","•Ÿˆäs","‰º‰Í–k’¬",1,"master","2019-01-01-12.34.56.123000","master","2019-01-01-12.34.56.123000"
"9190322","•ŸˆäŒ§","•Ÿˆäs","ã‰Í–k’¬",1,"master","2019-01-01-12.34.56.123000","master","2019-01-01-12.34.56.123000"
"9190323","•ŸˆäŒ§","•Ÿˆäs","‘¾“c’¬",1,"master","2019-01-01-12.34.56.123000","master","2019-01-01-12.34.56.123000"
"9190324","•ŸˆäŒ§","•Ÿˆäs","”¿’J’¬",1,"master","2019-01-01-12.34.56.123000","master","2019-01-01-12.34.56.123000"
"9190325","•ŸˆäŒ§","•Ÿˆäs","“ñã’¬",1,"master","2019-01-01-12.34.56.123000","master","2019-01-01-12.34.56.123000"
"9190326","•ŸˆäŒ§","•Ÿˆäs","”¼“c’¬",1,"master","2019-01-01-12.34.56.123000","master","2019-01-01-12.34.56.123000"
"9190327","•ŸˆäŒ§","•Ÿˆäs","‘å“y˜C’¬",1,"master","2019-01-01-12.34.56.123000","master","2019-01-01-12.34.56.123000"
"9190328","•ŸˆäŒ§","•Ÿˆäs","VŠJ’¬",1,"master","2019-01-01-12.34.56.123000","master","2019-01-01-12.34.56.123000"
"9190373","•ŸˆäŒ§","•Ÿˆäs","‰º“Œ‹½’¬iV‘ºj",1,"master","2019-01-01-12.34.56.123000","master","2019-01-01-12.34.56.123000"
"9191279","•ŸˆäŒ§","“Ö‰ês","”’–Ø",1,"master","2019-01-01-12.34.56.123000","master","2019-01-01-12.34.56.123000"
